EPIC ID,RA (J2000) [deg],Dec (J2000) [deg],magnitude,cadence [min],Investigation IDs
202059223,100.36764000000001,15.761970000000002,14.3,30,GO0002_LC|GO0021_LC|GO0066_LC|GO0079_LC|GO0084_LC|GO0087_LC|GO0089_LC|GO0094_LC|GO0098_LC|GO0104_LC|GO0107_LC|GO0111_LC|GO0120_LC
