EPIC ID,RA (J2000) [deg],Dec (J2000) [deg],magnitude,cadence [min],Investigation IDs
202059070,91.20028,21.98101,18.3,30,GO0001_LC|GO0110_LC
202059080,101.38642,28.05842,19.7,30,GO0001_LC
202059081,101.42975,27.26006,17.9,30,GO0001_LC|GO0110_LC|GO0120_LC
202059082,101.53276,28.08615,19.0,30,GO0001_LC|GO0110_LC
202059086,101.88258,24.28117,18.0,30,GO0001_LC
202059078,101.12512,27.51967,17.7,30,GO0001_LC|GO0010_LC|GO0110_LC|GO0122_LC
202059073,93.44403,20.84177,15.8,30,GO0001_LC|GO0032_LC|GO0040_LC|GO0101_LC|GO0122_LC
202059074,93.82758000000001,17.72645,13.5,30,GO0001_LC|GO0122_LC
