EPIC ID, RA (J2000) [deg], Dec (J2000) [deg], magnitude, Investigation IDs
202060092, 95.74268, 22.86282, 9.2, GO0015_LC|GO0019_LC|GO0036_LC|GO0047_LC|GO0111_LC
202060093, 94.92353, 23.28895, 9.3, GO0015_LC|GO0019_LC|GO0036_LC|GO0047_LC|GO0082_LC|GO0100_LC
202060145, 91.97746, 22.23256, 11.3, GO0016_LC|GO0019_LC|GO0048_LC|GO0049_LC|GO0048_SC
202061199, 94.97378, 23.26512, 9.2, GO0018_LC|GO0019_LC|GO0036_LC|GO0044_LC|GO0048_LC|GO0082_LC
202061263, 90.78675, 23.78992, 11.8, GO0019_LC
