EPIC ID,RA (J2000) [deg],Dec (J2000) [deg],magnitude,cadence [min],Investigation IDs
202060124,94.6067,23.57145,9.1,30,GO0016_LC|GO0036_LC|GO0044_LC|GO0082_LC|GO0101_LC|GO0111_LC|GO0112_LC
202060132,95.13568000000001,23.317320000000002,10.21,30,GO0016_LC|GO0036_LC|GO0044_LC|GO0049_LC|GO0082_LC|GO0101_LC|GO0111_LC
202059333,94.0,23.78322,9.1,30,GO0003_LC|GO0016_LC|GO0049_LC|GO0100_LC|GO0101_LC|GO0109_LC|GO0114_LC
202060130,95.72081,14.51055,9.59,30,GO0016_LC|GO0049_LC|GO0100_LC
202060135,90.36692,23.14098,9.89,30,GO0016_LC|GO0049_LC|GO0100_LC|GO0101_LC|GO0109_LC|GO0113_LC
202060142,92.67258000000001,22.495810000000002,10.89,30,GO0016_LC|GO0049_LC|GO0100_LC
202060145,91.97746,22.23256,12.0,30,GO0016_LC|GO0019_LC|GO0048_LC|GO0049_LC
