EPIC ID, RA (J2000) [deg], Dec (J2000) [deg], magnitude, Investigation IDs
202059333, 94.00058, 23.78326, 9.1, GO0003_LC|GO0016_LC|GO0049_LC|GO0100_LC|GO0101_LC|GO0109_LC|GO0114_LC
202060124, 94.60708, 23.57194, 9.0, GO0016_LC|GO0036_LC|GO0044_LC|GO0082_LC|GO0101_LC|GO0111_LC|GO0112_LC
202060130, 95.72081, 14.51055, 9.4, GO0016_LC|GO0049_LC|GO0100_LC
202060132, 95.13568, 23.31732, 10.2, GO0016_LC|GO0036_LC|GO0044_LC|GO0049_LC|GO0082_LC|GO0101_LC|GO0111_LC
202060135, 90.36708, 23.14028, 9.3, GO0016_LC|GO0049_LC|GO0100_LC|GO0101_LC|GO0109_LC|GO0113_LC
202060142, 92.67258, 22.4958, 10.7, GO0016_LC|GO0049_LC|GO0100_LC
202060145, 91.97746, 22.23256, 11.3, GO0016_LC|GO0019_LC|GO0048_LC|GO0049_LC|GO0048_SC
