EPIC ID, RA (J2000) [deg], Dec (J2000) [deg], magnitude, Investigation IDs
202062457, 93.5001, 27.70341, 10.2, GO0043_LC|GO0083_LC|GO0114_LC
202065472, 97.4204, 20.51992, 11.7, GO0067_LC|GO0083_LC
202070268, 93.90937, 21.83542, 13.5, GO0083_LC|GO0114_LC
202070273, 101.38831, 16.86303, 11.4, GO0083_LC|GO0114_LC
202070274, 92.8723, 19.69369, 12.8, GO0083_LC
202070275, 94.00195, 22.82468, 13.0, GO0083_LC
202070276, 94.90626, 24.50711, 10.2, GO0083_LC
202070279, 93.2499, 19.70514, 12.8, GO0083_LC
202070319, 98.51041, 14.91253, 10.8, GO0083_LC|GO0098_LC
