EPIC ID, RA (J2000) [deg], Dec (J2000) [deg], magnitude, Investigation IDs
202059070, 91.20028, 21.98101, 18.3, GO0001_LC|GO0110_LC
202059078, 101.12541, 27.51976, 17.0, GO0001_LC|GO0010_LC|GO0110_LC|GO0122_LC
202059081, 101.42975, 27.26006, 17.9, GO0001_LC|GO0110_LC|GO0120_LC
202059082, 101.53275, 28.08611, 18.7, GO0001_LC|GO0110_LC
