EPIC ID, RA (J2000) [deg], Dec (J2000) [deg], magnitude, Investigation IDs
202059073, 93.44416, 20.84201, 15.4, GO0001_LC|GO0032_LC|GO0040_LC|GO0101_LC|GO0122_LC|GO0040_SC
202059074, 93.82758, 17.72644, 13.4, GO0001_LC|GO0122_LC
202059078, 101.12541, 27.51976, 17.0, GO0001_LC|GO0010_LC|GO0110_LC|GO0122_LC
202064161, 92.23721, 23.4899, 11.8, GO0050_LC|GO0122_LC
