EPIC ID,RA (J2000) [deg],Dec (J2000) [deg],magnitude,Investigation IDs
201158092,173.434327,-5.102532,15.884,GO1067_SC
201454019,171.48741299999998,-0.161592,14.56,GO1067_SC
201540013,173.469422,1.13782,17.473,GO1067_SC
201585823,176.834111,1.8239439999999998,15.831,GO1067_SC
201720727,175.49911200000003,3.991707,15.617,GO1067_SC
201866281,170.843558,6.634761999999999,12.479000000000001,GO1067_SC|GO1054_LC
