EPIC ID, RA (J2000) [deg], Dec (J2000) [deg], magnitude, Investigation IDs
201203416, 179.841772, -4.024079, 13.459, GO10004_LC|GO10007_LC|GO10004_SC|GO10007_SC
201648341, 184.204337, 2.790499, 14.039, GO10018_LC|GO10004_LC|GO10007_LC|GO10004_SC|GO10007_SC
228755638, 191.084322, -8.671343, 10.763, GO10905_LC|GO10004_LC|GO10007_LC|GO10074_LC|GO10024_LC|GO10905_SC|GO10004_SC|GO10007_SC
228914323, 193.12336, -3.02492, 15.761, GO10018_LC|GO10004_LC|GO10006_LC|GO10007_LC|GO10031_LC|GO10004_SC|GO10007_SC
