 EPIC ID, RA (J2000) [deg], Dec (J2000) [deg], magnitude, Investigation IDs
201185922, 176.338187, -4.434936, 17.001, GO1024_LC|GO1002_LC|GO1045_SC|GO1076_SC
201445903, 171.48211, -0.277419, 19.506, GO1024_LC|GO1068_LC
201525706, 176.641427, 0.919557, 16.7, GO1024_LC|GO1068_LC|GO1071_LC
201585290, 174.342806, 1.816241, 18.61, GO1024_LC|GO1068_LC|GO1061_LC|GO1045_SC|GO1076_SC|GO1009_SC
201683812, 174.611742, 3.368616, 15.062, GO1068_LC|GO1024_SC|GO1045_SC|GO1076_SC
201850883, 174.611368, 6.322086, 18.733, GO1007_LC|GO1024_LC|GO1068_LC
210282487, 168.1493, 0.47051, 17.6, GO1024_LC
210282488, 168.90471, 5.16714, 16.7, GO1024_LC
210282489, 174.46234, 0.70497, 19.4, GO1024_LC
