EPIC ID, RA (J2000) [deg], Dec (J2000) [deg], magnitude, Investigation IDs
201325107, 180.521525, -2.076826, 14.046, GO10024_LC
228755638, 191.084322, -8.671343, 10.763, GO10905_LC|GO10004_LC|GO10007_LC|GO10074_LC|GO10024_LC|GO10905_SC|GO10004_SC|GO10007_SC
229021667, 188.982657, -1.071315, 17.264, GO10024_LC
248369121, , , , GO10045_LC|GO10014_LC|GO10024_LC
