EPIC ID,RA (J2000) [deg],Dec (J2000) [deg],magnitude,Investigation IDs
201503438,173.19008,0.57433,17.995,GO1022_LC|GO1020_LC|GO1025_LC|GO1035_LC|GO1072_LC
201510350,173.33353799999998,0.681342,19.554000000000002,GO1022_LC
201593189,177.603351,1.9389669999999999,18.590999999999998,GO1022_LC
201775448,176.33884799999998,4.924096,19.043,GO1022_LC
210282491,171.64938,-2.2605,20.9,GO1022_LC
