 EPIC ID, RA (J2000) [deg], Dec (J2000) [deg], magnitude, Investigation IDs
201540753, 171.599448, 1.14912, 17.771, GO1007_LC|GO1068_LC|GO1012_LC|GO1071_LC|GO1004_LC|GO1065_LC
201686095, 168.395842, 3.406399, 18.334, GO1007_LC|GO1012_LC|GO1004_LC|GO1061_LC
201748877, 180.163827, 4.46467, 18.755, GO1007_LC|GO1012_LC|GO1004_LC
201801707, 178.247728, 5.397514, 18.676, GO1004_LC
