EPIC ID, RA (J2000) [deg], Dec (J2000) [deg], magnitude, Investigation IDs
201431768, 182.092517, -0.48263, 10.618, GO10056_LC|GO10021_LC|GO10032_LC|GO10066_LC|GO10042_LC|GO10033_LC|GO10008_LC|GO10049_LC
228711280, 188.68528, -10.794653, 12.764, GO10056_LC|GO10068_LC|GO10032_LC|GO10042_LC|GO10008_LC|GO10049_LC
228720824, 183.793989, -10.312399, 6.055, GO10903_LC|GO10031_LC|GO10002_LC|GO10049_LC|GO10903_SC|GO10002_SC
228726301, 189.717269, -10.044358, 12.864, GO10056_LC|GO10068_LC|GO10042_LC|GO10008_LC|GO10049_LC
228757142, 191.94536, -8.604736, 11.079, GO10056_LC|GO10066_LC|GO10031_LC|GO10008_LC|GO10049_LC
228808502, 184.645305, -6.423138, 12.508, GO10056_LC|GO10068_LC|GO10008_LC|GO10049_LC
228858734, 189.696948, -4.321421, 12.35, GO10056_LC|GO10068_LC|GO10021_LC|GO10066_LC|GO10042_LC|GO10008_LC|GO10049_LC
