EPIC ID,RA (J2000) [deg],Dec (J2000) [deg],magnitude,Investigation IDs
201370145,168.28628700000002,-1.409615,7.391,GO1062_LC|GO1040_LC|GO1066_LC
201371239,167.83043999999998,-1.3945969999999999,7.27,GO1040_LC|GO1066_LC
201379481,168.657174,-1.2708270000000002,6.412999999999999,GO1040_LC
201528051,171.891736,0.9561540000000001,6.995,GO1040_LC
201696051,181.179146,3.57311,6.995,GO1040_LC
201839927,174.142338,6.10644,6.672000000000001,GO1062_LC|GO1040_LC
