EPIC ID,RA (J2000) [deg],Dec (J2000) [deg],magnitude,Investigation IDs
201206621,176.238472,-3.948095,15.998,GO1049_SC|GO1039_LC
201531672,171.98951200000002,1.0122790000000002,16.89,GO1049_SC|GO1013_LC|GO1039_LC
