EPIC ID, RA (J2000) [deg], Dec (J2000) [deg], magnitude, Investigation IDs
203250290, 253.233363, -26.750649, 8.331, GO11097_LC
221620277, 265.626479, -28.748777, 8.868, GO11097_LC|GO11071_LC|GO11122_LC|GO11002_LC|GO11024_LC|GO11025_LC|GO11039_LC|GO11103_LC|GO11083_LC|GO11019_LC|GO11097_SC|GO11103_SC
223299417, 266.605799, -26.200311, 8.26, GO11097_LC|GO11002_LC|GO11101_LC|GO11095_LC
231856972, 254.024585, -28.363482, 10.588, GO11097_LC|GO11122_LC|GO11002_LC|GO11098_LC|GO11024_LC|GO11097_SC
