EPIC ID, RA (J2000) [deg], Dec (J2000) [deg], magnitude, Investigation IDs
230819479, 257.600618, -18.816852, 11.631, GO11113_LC|GO11122_LC|GO11101_LC|GO11024_LC|GO11063_LC|GO11127_LC
237780335, 258.465853, -30.828001, 11.675, GO11076_LC|GO11063_LC
