EPIC ID, RA (J2000) [deg], Dec (J2000) [deg], magnitude, Investigation IDs
230629135, 257.768186, -20.65457, 6.64, GO11122_LC|GO11048_LC|GO11035_LC|GO11039_LC|GO11019_LC|GO11085_LC
234426962, 260.142964, -19.33375, 6.396, GO11012_LC|GO11071_LC|GO11122_LC|GO11002_LC|GO11062_LC|GO11024_LC|GO11039_LC|GO11083_LC|GO11019_LC|GO11085_LC|GO11012_SC
