EPIC ID, RA (J2000) [deg], Dec (J2000) [deg], magnitude, Investigation IDs
222124534, 264.836212, -27.95669, 14.36, GO11061_LC
232201881, 256.421896, -26.834266, 11.595, GO11061_LC
234155797, 259.292552, -20.721026, 11.163, GO11123_LC|GO11071_LC|GO11122_LC|GO11061_LC
235395168, 260.810651, -22.868453, 10.983, GO11071_LC|GO11122_LC|GO11061_LC|GO11021_LC|GO11052_LC
235697900, 259.435386, -29.633387, 12.615, GO11061_LC
235873479, 258.832228, -29.09372, 10.685, GO11061_LC
242181621, 262.599337, -30.141246, 14.118, GO11061_LC
