EPIC ID, RA (J2000) [deg], Dec (J2000) [deg], magnitude, Investigation IDs
224671808, 262.277324, -23.836117, 9.107, GO11049_LC|GO11122_LC|GO11032_LC|GO11024_LC|GO11025_LC|GO11039_LC|GO11050_LC
