EPIC ID, RA (J2000) [deg], Dec (J2000) [deg], magnitude, Investigation IDs
221620277, 265.626479, -28.748777, 8.868, GO11097_LC|GO11071_LC|GO11122_LC|GO11002_LC|GO11024_LC|GO11025_LC|GO11039_LC|GO11103_LC|GO11083_LC|GO11019_LC|GO11097_SC|GO11103_SC
227161374, 263.099437, -18.840542, 10.142, GO11049_LC|GO11025_LC|GO11103_LC|GO11103_SC
231018340, 256.504958, -25.341777, 9.523, GO11049_LC|GO11103_LC
232073109, 255.179011, -27.421541, 9.025, GO11071_LC|GO11122_LC|GO11002_LC|GO11024_LC|GO11103_LC|GO11082_LC
234511279, 261.217666, -18.859224, 8.76, GO11071_LC|GO11122_LC|GO11024_LC|GO11103_LC|GO11103_SC
235324956, 259.075333, -23.179812, 10.812, GO11103_LC|GO11019_LC
236267042, 258.765074, -27.827713, 10.351, GO11002_LC|GO11103_LC|GO11019_LC|GO11103_SC
