EPIC ID, RA (J2000) [deg], Dec (J2000) [deg], magnitude, Investigation IDs
246015642, 354.975594, -9.083837, 15.399, GO12070_LC|GO12070_SC
246104577, 344.895823, -7.03969, 11.372, GO12019_LC|GO12070_LC|GO12050_LC|GO12083_LC|GO12036_LC|GO12024_LC|GO12006_LC|GO12002_LC|GO12122_LC|GO12071_LC|GO12123_LC|GO12049_LC
246263296, 354.025044, -3.796616, 11.861, GO12070_LC|GO12002_LC|GO12123_LC
246333644, 350.63794, -2.394481, 17.792, GO12070_LC|GO12070_SC
246385425, 348.86058, -1.374647, 17.972, GO12070_LC|GO12070_SC
246395799, 348.481854, -1.123634, 12.265, GO12070_LC|GO12122_LC
