EPIC ID, RA (J2000) [deg], Dec (J2000) [deg], magnitude, Investigation IDs
246807434, 73.458533, 15.820916, 12.171, GO13049_LC|GO13010_LC|GO13071_LC|GO13018_LC|GO13032_LC
247130198, 70.732396, 18.958168, 9.076, GO13049_LC|GO13010_LC|GO13032_LC|GO13062_LC|GO13039_LC|GO13073_LC|GO13083_LC|GO13085_LC|GO13903_LC
247227231, 78.570839, 19.88295, 9.087, GO13014_LC|GO13049_LC|GO13123_LC|GO13071_LC|GO13122_LC|GO13032_LC|GO13002_LC|GO13062_LC|GO13024_LC|GO13039_LC|GO13903_LC
247262221, 70.610766, 20.20847, 14.717, GO13123_LC|GO13032_LC
247340158, 70.328568, 20.901513, 10.102, GO13049_LC|GO13032_LC|GO13002_LC|GO13062_LC|GO13039_LC|GO13103_LC|GO13903_LC
