EPIC ID, RA (J2000) [deg], Dec (J2000) [deg], magnitude, Investigation IDs
247130198, 70.732396, 18.958168, 9.076, GO13049_LC|GO13010_LC|GO13032_LC|GO13062_LC|GO13039_LC|GO13073_LC|GO13083_LC|GO13085_LC|GO13903_LC
