EPIC ID, RA (J2000) [deg], Dec (J2000) [deg], magnitude, Investigation IDs
201621388, 166.899578, 2.373612, 18.584, GO14016_LC|GO14027_LC|GO14103_LC
248438564, 162.965981, 1.053003, 18.831, GO14027_LC|GO14103_LC
248586210, 154.616069, 5.508329, 17.457, GO14088_LC|GO14027_LC|GO14103_LC
248611911, 160.321423, 6.171348, 16.888, GO14008_LC|GO14027_LC
251457104, 154.01292, 5.21761, 18.75, GO14027_LC
251457105, 164.77583, 2.418, 19.0, GO14027_LC
