EPIC ID, RA (J2000) [deg], Dec (J2000) [deg], magnitude, Investigation IDs
248411044, 162.511777, -0.010237, 13.555, GO14096_LC|GO14051_LC|GO14089_LC|GO14080_LC|GO14099_LC|GO14096_SC|GO14051_SC|GO14080_SC
