EPIC ID, RA (J2000) [deg], Dec (J2000) [deg], magnitude, Investigation IDs
248659463, 158.32196, 7.355166, 19.828, GO14066_LC|GO14019_LC|GO14032_LC|GO14019_SC
248769430, 163.958647, 9.939013, 17.59, GO14066_LC|GO14019_LC|GO14032_LC|GO14019_SC
251457106, 159.269125, 10.04, 22.934, GO14032_LC
