EPIC ID, RA (J2000) [deg], Dec (J2000) [deg], magnitude, Investigation IDs
249914684, 227.554037, -16.462922, 9.164, GO15010_LC|GO15025_LC|GO15068_LC|GO15063_LC|GO15076_LC|GO15009_LC|GO15065_LC|GO15010_SC
249921958, 227.554533, -16.379407, 8.923, GO15010_LC|GO15025_LC|GO15068_LC|GO15063_LC|GO15001_LC|GO15076_LC|GO15009_LC|GO15065_LC|GO15010_SC
