EPIC ID, RA (J2000) [deg], Dec (J2000) [deg], magnitude, Investigation IDs
211822797, 130.410365, 17.640005, 14.568, GO16011_LC|GO16015_LC|GO16022_LC|GO16031_LC|GO16052_LC|GO16060_LC|GO16075_LC|GO16101_LC|GO16902_LC|GO16015_SC|GO16075_SC|GO16101_SC
211901114, 130.398723, 18.743057, 16.024, GO16015_LC|GO16022_LC|GO16031_LC|GO16052_LC|GO16060_LC|GO16075_LC|GO16015_SC|GO16075_SC
211913977, 130.344085, 18.933875, 12.619, GO16009_LC|GO16011_LC|GO16015_LC|GO16020_LC|GO16021_LC|GO16022_LC|GO16031_LC|GO16052_LC|GO16060_LC|GO16075_LC|GO16101_LC|GO16902_LC|GO16015_SC|GO16075_SC|GO16101_SC
211946007, 130.664324, 19.414446, 16.57, GO16011_LC|GO16022_LC|GO16031_LC|GO16060_LC|GO16065_LC|GO16075_LC|GO16075_SC
211969807, 129.636756, 19.773829, 15.149, GO16011_LC|GO16015_LC|GO16022_LC|GO16031_LC|GO16052_LC|GO16060_LC|GO16075_LC|GO16077_LC|GO16902_LC|GO16011_SC|GO16015_SC|GO16075_SC
211970147, 130.056046, 19.77881, 12.872, GO16009_LC|GO16015_LC|GO16020_LC|GO16021_LC|GO16022_LC|GO16031_LC|GO16052_LC|GO16060_LC|GO16075_LC|GO16101_LC|GO16902_LC|GO16015_SC|GO16075_SC|GO16101_SC
212009427, 127.874459, 20.410422, 14.072, GO16011_LC|GO16022_LC|GO16031_LC|GO16052_LC|GO16056_LC|GO16060_LC|GO16075_LC|GO16077_LC|GO16075_SC
