EPIC ID, RA (J2000) [deg], Dec (J2000) [deg], magnitude, Investigation IDs
211607670, 134.028452, 14.64295, 12.793, GO16009_LC|GO16021_LC|GO16038_LC|GO16065_LC
211725259, 139.061337, 16.25713, 12.392, GO16021_LC|GO16038_LC|GO16065_LC|GO16083_LC
211920612, 130.9839, 19.034175, 8.433, GO16001_LC|GO16009_LC|GO16021_LC|GO16038_LC|GO16044_LC|GO16065_LC|GO16038_SC
211972837, 129.977592, 19.82192, 13.547, GO16011_LC|GO16021_LC|GO16038_LC|GO16065_LC
212194007, 134.337685, 24.114152, 12.824, GO16009_LC|GO16021_LC|GO16038_LC|GO16065_LC|GO16083_LC
