EPIC ID, RA (J2000) [deg], Dec (J2000) [deg], magnitude, Investigation IDs
211432321, 131.227426, 12.130137, 10.207, GO16005_LC|GO16020_LC|GO16052_LC|GO16903_LC|GO16903_SC
211826254, 132.653639, 17.689322, 9.221, GO16009_LC|GO16010_LC|GO16021_LC|GO16028_LC|GO16037_LC|GO16063_LC|GO16903_LC|GO16010_SC|GO16903_SC
211889233, 130.933359, 18.568668, 11.585, GO16005_LC|GO16009_LC|GO16014_LC|GO16020_LC|GO16052_LC|GO16056_LC|GO16903_LC|GO16903_SC
212165841, 134.23592, 23.388999, 10.568, GO16009_LC|GO16020_LC|GO16021_LC|GO16028_LC|GO16052_LC|GO16903_LC|GO16903_SC
