EPIC ID, RA (J2000) [deg], Dec (J2000) [deg], magnitude, Investigation IDs
212700993, 205.9101715, -8.2344065, 15.598, GO17007_LC|GO17013_LC|GO17034_LC|GO17007_SC|GO17013_SC
251498896, 196.608369, -4.845915, 8.687, GO17034_LC
251552740, 201.100651, -2.315259, 8.808, GO17034_LC|GO17050_LC|GO17067_LC|GO17068_LC
