EPIC,RA,Dec,Kp,InvestigationIDs
211378904,133.83826,11.30425,14.25200,GO18007_LC|GO18007_SC
