EPIC,RA,Dec,Kp,InvestigationIDs
246199087,346.62200,-5.04127,12.91700,GO19006_LC|GO19021_LC|GO19025_LC|GO19027_LC|GO19038_LC|GO19052_LC|GO19057_LC|GO19063_LC|GO19068_LC
