EPIC,RA,Dec,Kp,InvestigationIDs
206414019,340.83875,-6.40082,8.44800,GO19014_LC|GO19026_LC|GO19038_LC|GO19043_LC|GO19049_LC
246178019,343.69394,-5.47457,,GO19014_LC|GO19038_LC|GO19052_LC|GO19063_LC|GO19065_LC|GO19068_LC|GO19052_SC
