EPIC ID,RA (J2000) [deg],Dec (J2000) [deg],magnitude,Investigation IDs
203519610, 240.83593, -25.86524, 4.732,GO2071_LC|GO2093_LC
203842398, 240.977927, -24.726314, 5.93,GO2071_LC|GO2093_LC
204929719, 244.782178, -20.218073, 6.111,GO2071_LC|GO2092_LC|GO2093_LC
205268983, 243.663516, -18.535648, 6.136,GO2006_LC|GO2071_LC|GO2093_LC
