EPIC,RA,Dec,Kp,InvestigationIDs
247014982, 68.414003, 17.864526, 13.302, GO20002_LC|GO20017_LC|GO20021_LC|GO20026_LC|GO20029_LC|GO20903_LC|GO20905_LC|GO20017_SC
248009353, 68.178394, 25.875366, 11.645, GO20002_LC|GO20017_LC|GO20021_LC|GO20026_LC|GO20907_LC|GO20908_LC|GO20017_SC
248096015, 67.423154, 26.549489, 11.467, GO20002_LC|GO20017_LC|GO20021_LC|GO20026_LC|GO20033_LC|GO20902_LC|GO20903_LC|GO20907_LC|GO20908_LC|GO20017_SC
