EPIC ID,RA (J2000) [deg],Dec (J2000) [deg],magnitude,Investigation IDs
202691120, 250.258234, -28.722462, 10.344,GO2078_LC|GO2104_LC
202929357, 244.06271, -27.855532, 10.924,GO2078_LC
205703810, 244.97946, -15.640276, 12.437,GO2026_SC|GO2018_SC|GO2059_SC|GO2049_LC|GO2054_LC|GO2078_LC|GO2092_LC|GO2104_LC
