EPIC ID,RA (J2000) [deg],Dec (J2000) [deg],magnitude,Investigation IDs
203092367, 249.881499, -27.285606, 8.728,GO2079_SC|GO2049_LC|GO2080_LC|GO2098_LC|GO2104_LC
203814494, 239.645277, -24.83149, 5.578,GO2020_LC|GO2049_LC|GO2052_LC|GO2054_LC|GO2080_LC|GO2092_LC|GO2098_LC|GO2104_LC
203917770, 243.439577, -24.422095, 6.55,GO2020_LC|GO2049_LC|GO2052_LC|GO2080_LC|GO2092_LC|GO2098_LC|GO2104_LC
204964091, 245.022886, -20.056397, 7.443,GO2020_LC|GO2049_LC|GO2052_LC|GO2080_LC|GO2090_LC|GO2092_LC|GO2098_LC|GO2104_LC
