EPIC ID, RA (J2000) [deg], Dec (J2000) [deg], magnitude, Investigation IDs
205924248, 336.762796, -17.263655, 7.722, GO3025_SC|GO3095_LC|GO3110_LC
206103150, 331.203044, -12.018893, 11.762, GO3095_SC|GO3096_SC|GO3104_LC|GO3072_LC|GO3054_LC
206154641, 342.385694, -10.675551, 11.299, GO3095_SC|GO3096_SC|GO3104_LC|GO3054_LC|GO3038_LC|GO3081_LC
