EPIC ID, RA (J2000) [deg], Dec (J2000) [deg], magnitude, Investigation IDs
210668119, 55.669612, 17.916941, 12.09, GO4040_SC|GO4033_LC|GO4040_LC
211044267, 56.86178, 23.678337, 7.815, GO4040_SC|GO4018_LC|GO4048_LC|GO4033_LC|GO4007_LC|GO4086_LC|GO4035_LC|GO4040_LC|GO4024_LC
211069629, 55.807739, 24.086053, 15.809, GO4040_SC|GO4057_LC|GO4040_LC
211072836, 56.830613, 24.13912, 8.827, GO4040_SC|GO4018_LC|GO4048_LC|GO4021_LC|GO4033_LC|GO4086_LC|GO4012_LC|GO4045_LC|GO4035_LC|GO4040_LC|GO4024_LC
211088007, 55.930186, 24.374585, 8.882, GO4040_SC|GO4018_LC|GO4048_LC|GO4033_LC|GO4012_LC|GO4040_LC|GO4024_LC
211093705, 56.393568, 24.463303, 9.053, GO4040_SC|GO4018_LC|GO4060_LC|GO4048_LC|GO4033_LC|GO4007_LC|GO4086_LC|GO4012_LC|GO4035_LC|GO4040_LC|GO4024_LC
211101694, 56.850253, 24.588428, 8.664, GO4040_SC|GO4018_LC|GO4048_LC|GO4033_LC|GO4086_LC|GO4035_LC|GO4040_LC|GO4024_LC
211115721, 56.764798, 24.819928, 8.817, GO4040_SC|GO4018_LC|GO4048_LC|GO4033_LC|GO4086_LC|GO4064_LC|GO4012_LC|GO4035_LC|GO4040_LC|GO4024_LC
