EPIC ID, RA (J2000) [deg], Dec (J2000) [deg], magnitude, Investigation IDs
210426515, 57.324652, 14.054054, 11.409, GO4066_LC|GO4020_LC
210525462, 61.359952, 15.830522, 9.136, GO4066_LC|GO4102_LC
210622262, 65.00753, 17.279389, 16.882, GO4066_LC
210708282, 52.035744, 18.481864, 10.092, GO4066_LC|GO4020_LC|GO4060_LC|GO4104_LC
210785321, 52.056033, 19.645823, 10.103, GO4066_LC|GO4020_LC
210800332, 60.749603, 19.872433, 10.614, GO4066_LC|GO4020_LC
210990639, 62.785623, 22.825364, 10.309, GO4066_LC|GO4079_LC|GO4021_LC|GO4033_LC
