EPIC ID, RA (J2000) [deg], Dec (J2000) [deg], magnitude, Investigation IDs
210403895, 57.164901, 13.558093, 18.056, GO4041_LC|GO4017_LC|GO4001_LC|GO4003_LC
210991241, 53.72185, 22.835346, 15.391, GO4041_LC|GO4017_LC|GO4003_LC
