EPIC ID, RA (J2000) [deg], Dec (J2000) [deg], magnitude, Investigation IDs
211416577, 132.836709, 11.890565, 11.206, GO4105_SC
211913235, 135.171315, 18.92317, 11.496, GO4105_SC|GO5020_LC|GO5057_LC|GO4104_LC|GO4105_LC
211918335, 130.007101, 18.999848, 10.042, GO4105_SC|GO5007_LC|GO5018_LC|GO5024_LC|GO5029_LC|GO5032_LC|GO5033_LC|GO5048_LC|GO5057_LC|GO4104_LC|GO4105_LC|GO5023_LC|GO5060_LC
212173112, 129.375529, 23.561565, 9.91, GO4105_SC|GO5020_LC|GO5057_LC|GO4104_LC|GO4105_LC
