EPIC ID, RA (J2000) [deg], Dec (J2000) [deg], magnitude, Investigation IDs
210786891, 51.599565, 19.669505, 11.024, GO4057_LC|GO4060_LC|GO4029_LC|GO4033_LC|GO4007_LC|GO4107_LC
210835735, 60.263495, 20.413958, 11.825, GO4057_LC|GO4033_LC|GO4107_LC
210969614, 61.292223, 22.496697, 11.206, GO4105_SC|GO4020_LC|GO4057_LC|GO4105_LC|GO4090_LC|GO4107_LC|GO4104_LC
