EPIC ID, RA (J2000) [deg], Dec (J2000) [deg], magnitude, Investigation IDs
211394951, 131.803887, 11.56392, 17.331, GO5053_LC|GO5038_LC
211504760, 130.198279, 13.206547, 18.264, GO5053_LC
211559047, 136.395776, 13.968441, 16.404, GO5053_LC
211991001, 133.703657, 20.10851, 14.819, GO5038_SC|GO5053_LC|GO5056_LC|GO5096_LC|GO5038_LC
