EPIC ID, RA (J2000) [deg], Dec (J2000) [deg], magnitude, Investigation IDs
211505107, 127.331297, 13.210894, 10.537, GO5057_LC|GO4107_LC
211604396, 129.405135, 14.598632, 13.214, GO5007_LC|GO5020_LC|GO5057_LC|GO4107_LC
211920612, 130.9839, 19.034175, 8.433, GO4107_SC|GO5033_LC|GO5042_LC|GO5057_LC|GO4107_LC|GO5023_LC
211972837, 129.977592, 19.82192, 13.547, GO5007_LC|GO5057_LC|GO5086_LC|GO4107_LC
212159987, 126.576875, 23.253605, 11.977, GO5057_LC|GO4107_LC
