EPIC ID, RA (J2000) [deg], Dec (J2000) [deg], magnitude, Investigation IDs
212285603, 206.4612885, -17.9682312, 10.668, GO6005_SC|GO6052_SC|GO6005_LC|GO6008_LC|GO6032_LC|GO6041_LC|GO6046_LC|GO6052_LC|GO6060_LC|GO6065_LC|GO6069_LC
212518629, 199.1893158, -12.3389406, 12.46, GO6052_SC|GO6008_LC|GO6032_LC|GO6046_LC|GO6052_LC|GO6060_LC|GO6069_LC
212556566, 204.6703491, -11.5354939, 12.856, GO6052_SC|GO6002_LC|GO6008_LC|GO6032_LC|GO6052_LC|GO6060_LC
212560714, 201.2988434, -11.4436436, 11.274, GO6052_SC|GO6008_LC|GO6029_LC|GO6032_LC|GO6052_LC|GO6060_LC|GO6069_LC|GO6086_LC
212681564, 202.5115662, -8.7071047, 11.824, GO6052_SC|GO6002_LC|GO6008_LC|GO6016_LC|GO6028_LC|GO6032_LC|GO6052_LC|GO6060_LC|GO6065_LC
