EPIC ID, RA (J2000) [deg], Dec (J2000) [deg], magnitude, Investigation IDs
212287292, 204.8604736, -17.9181499, 14.796, GO6002_LC|GO6006_LC
212402103, 205.0480042, -14.8664322, 14.835, GO6002_LC|GO6006_LC|GO6008_LC
212411722, 209.3123932, -14.6480494, 14.21, GO6002_LC|GO6006_LC|GO6008_LC
212521662, 205.7947845, -12.2737808, 18.744, GO6006_LC
212820594, 202.5096741, -4.8889508, 14.665, GO6002_LC|GO6006_LC|GO6008_LC|GO6037_LC|GO6006_SC
212826600, 203.1017761, -4.6868572, 13.755, GO6002_LC|GO6006_LC|GO6008_LC|GO6037_LC|GO6006_SC
229227169, 208.28127, -8.953349, 20.0, GO6006_LC
