EPIC ID, RA (J2000) [deg], Dec (J2000) [deg], magnitude, Investigation IDs
212356048, 201.8631897, -15.9735813, 4.552, GO6081_LC
212573842, 201.2982483, -11.1613188, 7.886, GO6040_LC|GO6081_LC
