EPIC ID, RA (J2000) [deg], Dec (J2000) [deg], magnitude, Investigation IDs
214047277, 284.0730591, -27.5237827, 10.677, GO7014_LC
215881928, 284.9051514, -23.3645191, 14.606, GO7014_LC
217235287, 289.0458069, -20.9321823, 15.155, GO7014_LC
217257168, 284.4665833, -20.8936253, 11.79, GO7014_LC|GO7032_LC
217693968, 282.040802, -20.1265583, 13.289, GO7014_LC
217987553, 286.6122742, -19.6097927, 12.482, GO7014_LC
218128117, 293.6444702, -19.3611012, 12.757, GO7014_LC
218177215, 284.1051636, -19.2730198, 13.596, GO7014_LC
218642654, 286.5130615, -18.4282284, 12.166, GO7030_LC|GO7014_LC
