EPIC ID, RA (J2000) [deg], Dec (J2000) [deg], magnitude, Investigation IDs
213470603, 291.2668457, -29.3093586, 5.676, GO7075_LC|GO7078_LC
214245810, 292.4674377, -26.9856148, 5.28, GO7075_LC|GO7071_LC
214374897, 283.117981, -26.6507702, 6.123, GO7075_LC|GO7084_LC
215142368, 285.6153259, -24.8468266, 5.398, GO7075_LC
215745876, 290.2676392, -23.6195698, 7.375, GO7075_LC|GO7041_LC|GO7084_LC
215847238, 295.0298462, -23.4290848, 5.774, GO7075_LC
216380557, 291.430603, -22.4516678, 6.528, GO7075_LC
217877915, 287.4506226, -19.8036575, 5.893, GO7075_LC|GO7078_LC
218529637, 283.2771912, -18.6368389, 6.514, GO7075_LC|GO7078_LC
