EPIC ID, RA (J2000) [deg], Dec (J2000) [deg], magnitude, Investigation IDs
213639687, 287.2344055, -28.7410431, 7.826, GO7041_LC|GO7084_LC
213812240, 286.02771, -28.2030792, 9.82, GO7086_LC|GO7041_LC|GO7078_LC|GO7087_LC|GO7030_LC
215632069, 282.4556885, -23.8362293, 9.293, GO7008_LC|GO7041_LC|GO7065_LC|GO7057_LC|GO7016_LC|GO7005_LC|GO7046_LC|GO7023_LC
215745876, 290.2676392, -23.6195698, 7.375, GO7075_LC|GO7041_LC|GO7084_LC
219437560, 288.3425293, -16.7527122, 9.872, GO7086_LC|GO7035_LC|GO7041_LC|GO7016_LC|GO7087_LC|GO7056_LC|GO7030_LC|GO7035_SC
