EPIC ID, RA (J2000) [deg], Dec (J2000) [deg], magnitude, Investigation IDs
213244700, 288.5831299, -30.1444702, 16.667, GO7037_LC
217976219, 287.2842102, -19.6299896, 15.902, GO7006_LC|GO7037_LC|GO7002_LC|GO7006_SC
218498792, 293.7133179, -18.6929455, 17.16, GO7006_LC|GO7002_LC|GO7037_LC
229228152, , , , GO7037_LC
229228309, , , , GO7037_LC
229228324, , , , GO7037_LC
229228354, , , , GO7037_LC
