EPIC ID, RA (J2000) [deg], Dec (J2000) [deg], magnitude, Investigation IDs
220179214, 18.5775471, -0.820448, 14.926, GO8018_LC|GO8004_LC|GO8007_LC|GO8004_SC|GO8007_SC
220265912, 14.6027765, 1.909745, 15.192, GO8004_LC|GO8007_LC|GO8004_SC|GO8007_SC
220376019, 16.0903187, 4.2269611, 12.113, GO8004_LC|GO8048_LC|GO8015_LC|GO8004_SC|GO8048_SC
220422705, 10.5255032, 5.1565042, 12.865, GO8018_LC|GO8077_LC|GO8004_LC|GO8015_LC|GO8004_SC
220468352, 19.1138229, 6.053236, 13.013, GO8077_LC|GO8004_LC|GO8004_SC
220614972, 12.8622408, 9.3591185, 14.291, GO8004_LC|GO8004_SC
220641886, 11.8717499, 9.9821377, 10.397, GO8004_LC|GO8007_LC|GO8028_LC|GO8004_SC|GO8007_SC
