EPIC ID, RA (J2000) [deg], Dec (J2000) [deg], magnitude, Investigation IDs
220180327, 14.4743052, -0.776275, 11.809, GO8068_LC|GO8032_LC|GO8077_LC|GO8074_LC
220320211, 14.7163448, 3.066031, 11.826, GO8068_LC|GO8032_LC|GO8077_LC|GO8074_LC
220349319, 9.5098381, 3.684525, 11.715, GO8042_LC|GO8074_LC
220501719, 19.2296638, 6.8116989, 8.854, GO8051_LC|GO8032_LC|GO8077_LC|GO8031_LC|GO8074_LC
220727924, 14.4078503, 12.3071213, 10.935, GO8077_LC|GO8074_LC|GO8028_LC
220731239, 14.9588699, 12.4177055, 13.903, GO8077_LC|GO8042_LC|GO8074_LC
