EPIC ID, RA (J2000) [deg], Dec (J2000) [deg], magnitude, Investigation IDs
202061363, 96.18196, 14.32542, 11.0, GO0026_LC|GO0043_LC
202062436, 91.38704, 23.45342, 11.6, GO0043_LC
202062447, 91.78304, 22.85619, 11.2, GO0043_LC
202062450, 95.8635, 14.54714, 10.8, GO0043_LC|GO0073_LC|GO0101_LC|GO0109_LC|GO0112_LC|GO0073_SC
202062454, 91.8685, 23.42992, 11.1, GO0043_LC
202062455, 91.56454, 24.39661, 10.7, GO0043_LC|GO0111_LC
202062457, 93.5001, 27.70341, 10.2, GO0043_LC|GO0083_LC|GO0114_LC
