EPIC ID,RA (J2000) [deg],Dec (J2000) [deg],magnitude,cadence [min],Investigation IDs
202060098,96.249167,26.822046999999998,15.18,30,GO0015_LC|GO0047_LC|GO0069_LC|GO0078_LC
202065500,105.31695800000001,18.891932999999998,15.51,30,GO0069_LC
