EPIC ID,RA (J2000) [deg],Dec (J2000) [deg],magnitude,cadence [min],Investigation IDs
202061312,103.67848000000001,24.24561,6.9,1,GO0054_SC|GO0052_SC|GO0022_SC|GO0042_SC
202062417,97.62064000000001,19.2854,8.8,1,GO0042_SC
202062419,95.36544,17.29458,9.2,1,GO0042_SC
202062419,95.36544,17.29458,9.2,30,GO0042_LC|GO0111_LC|GO0117_LC
