EPIC ID, RA (J2000) [deg], Dec (J2000) [deg], magnitude, Investigation IDs
202059522, 102.69333, 25.04986, 15.82, GO0009_LC|GO0035_LC|GO0061_LC|GO0074_LC|GO0103_LC|GO0106_LC
202059547, 102.19833, 15.27358, 16.53, GO0009_LC|GO0074_LC
