EPIC ID, RA (J2000) [deg], Dec (J2000) [deg], magnitude, Investigation IDs
202060174, 93.092, 18.016, 9.8, GO0017_LC|GO0036_LC|GO0044_LC|GO0047_LC|GO0093_LC
202060196, 93.184, 17.987, 10.8, GO0017_LC|GO0036_LC|GO0044_LC|GO0093_LC|GO0111_LC
202063282, 93.30064, 17.79687, 9.4, GO0050_LC|GO0093_LC|GO0100_LC
202071266, 91.33042, 22.54782, 12.5, GO0093_LC|GO0101_LC
