EPIC ID, RA (J2000) [deg], Dec (J2000) [deg], magnitude, Investigation IDs
202059070, 91.20028, 21.98101, 18.3, GO0001_LC|GO0110_LC
202059073, 93.44416, 20.84201, 15.4, GO0001_LC|GO0032_LC|GO0040_LC|GO0101_LC|GO0122_LC|GO0040_SC
202059074, 93.82758, 17.72644, 13.4, GO0001_LC|GO0122_LC
202059078, 101.12541, 27.51976, 17.0, GO0001_LC|GO0010_LC|GO0110_LC|GO0122_LC
202059080, 101.38642, 28.05842, 19.7, GO0001_LC
202059081, 101.42975, 27.26006, 17.9, GO0001_LC|GO0110_LC|GO0120_LC
202059082, 101.53275, 28.08611, 18.7, GO0001_LC|GO0110_LC
202059086, 101.88258, 24.28117, 18.0, GO0001_LC
