EPIC ID, RA (J2000) [deg], Dec (J2000) [deg], magnitude, Investigation IDs
202059073, 93.44416, 20.84201, 15.4, GO0001_LC|GO0032_LC|GO0040_LC|GO0101_LC|GO0122_LC|GO0040_SC
202061316, 97.5244, 22.3141, 14.7, GO0025_LC|GO0032_LC
202061317, 98.05417, 25.60625, 12.4, GO0025_LC|GO0032_LC|GO0040_LC|GO0095_LC|GO0114_LC
202061318, 99.68384, 18.26999, 14.7, GO0025_LC|GO0032_LC|GO0040_LC|GO0112_LC|GO0114_LC
202061808, 103.15504, 24.60614, 14.4, GO0032_LC
