EPIC ID,RA (J2000) [deg],Dec (J2000) [deg],magnitude,cadence [min],Investigation IDs
202060092,95.74264000000001,22.8628,9.3,30,GO0015_LC|GO0019_LC|GO0036_LC|GO0047_LC|GO0111_LC
202060093,94.92353,23.28896,9.399,30,GO0015_LC|GO0019_LC|GO0036_LC|GO0047_LC|GO0082_LC|GO0100_LC
202061263,90.78675,23.789920000000002,11.8,30,GO0019_LC
202061199,94.97378,23.26512,9.197000000000001,30,GO0018_LC|GO0019_LC|GO0036_LC|GO0044_LC|GO0048_LC|GO0082_LC
202060145,91.97746,22.23256,12.0,30,GO0016_LC|GO0019_LC|GO0048_LC|GO0049_LC
