EPIC ID,RA (J2000) [deg],Dec (J2000) [deg],magnitude,cadence [min],Investigation IDs
202060174,93.09214,18.01608,9.846,30,GO0017_LC|GO0036_LC|GO0044_LC|GO0047_LC|GO0093_LC
202060196,93.18408000000001,17.98731,10.8,30,GO0017_LC|GO0036_LC|GO0044_LC|GO0093_LC|GO0111_LC
202071266,91.33041999999999,22.54782,12.5,30,GO0093_LC|GO0101_LC
202063282,93.30064,17.796870000000002,9.4,30,GO0050_LC|GO0093_LC|GO0100_LC
