EPIC ID, RA (J2000) [deg], Dec (J2000) [deg], magnitude, Investigation IDs
202059522, 102.69333, 25.04986, 15.82, GO0009_LC|GO0035_LC|GO0061_LC|GO0074_LC|GO0103_LC|GO0106_LC
202059530, 96.0408, 27.666, 15.9, GO0009_LC
202059531, 99.1079, 23.5302, 16.0, GO0009_LC
202059532, 93.4589, 26.0769, 16.1, GO0009_LC|GO0106_LC
202059545, 98.4535, 21.4833, 16.6, GO0009_LC
202059547, 102.19833, 15.27358, 16.53, GO0009_LC|GO0074_LC
202059552, 106.0943, 18.9949, 17.0, GO0009_LC
