EPIC ID,RA (J2000) [deg],Dec (J2000) [deg],magnitude,cadence [min],Investigation IDs
202065471,104.37875,20.03511,14.0,30,GO0067_LC
202065472,97.4204,20.519920000000003,11.7,30,GO0067_LC|GO0083_LC
202065475,100.76791999999999,15.062079999999998,11.0,30,GO0067_LC
