EPIC ID, RA (J2000) [deg], Dec (J2000) [deg], magnitude, Investigation IDs
202059522, 102.69333, 25.04986, 15.82, GO0009_LC|GO0035_LC|GO0061_LC|GO0074_LC|GO0103_LC|GO0106_LC
202062048, 104.27365, 24.39872, 19.3, GO0035_LC|GO0103_LC|GO0106_LC
