EPIC ID,RA (J2000) [deg],Dec (J2000) [deg],magnitude,cadence [min],Investigation IDs
202061363,96.18213,14.32533,11.5,30,GO0026_LC|GO0043_LC
202062436,91.38704,23.45342,11.6,30,GO0043_LC
202062447,91.78304,22.856189999999998,11.2,30,GO0043_LC
202062450,95.86417,14.546389999999999,10.8,30,GO0043_LC|GO0073_LC|GO0101_LC|GO0109_LC|GO0112_LC
202062454,91.8685,23.429920000000003,11.1,30,GO0043_LC
202062455,91.56456,24.39657,10.7,30,GO0043_LC|GO0111_LC
202062457,93.5,27.703390000000002,9.8,30,GO0043_LC|GO0083_LC|GO0114_LC
