EPIC ID, RA (J2000) [deg], Dec (J2000) [deg], magnitude, Investigation IDs
202060091, 95.86891, 20.39212, 9.0, GO0015_LC|GO0036_LC|GO0047_LC|GO0100_LC
202060092, 95.74268, 22.86282, 9.2, GO0015_LC|GO0019_LC|GO0036_LC|GO0047_LC|GO0111_LC
202060093, 94.92353, 23.28895, 9.3, GO0015_LC|GO0019_LC|GO0036_LC|GO0047_LC|GO0082_LC|GO0100_LC
202060097, 92.13333, 20.65667, 13.7, GO0015_LC|GO0036_LC|GO0047_LC
202060098, 96.24946, 26.82206, 15.1, GO0015_LC|GO0047_LC|GO0069_LC|GO0078_LC
