EPIC ID, RA (J2000) [deg], Dec (J2000) [deg], magnitude, Investigation IDs
202064549, 97.62533, 28.38753, 13.1, GO0058_LC
202064550, 105.15858, 19.61459, 11.0, GO0058_LC|GO0118_LC
