EPIC ID, RA (J2000) [deg], Dec (J2000) [deg], magnitude, Investigation IDs
202059291, 90.53921, 23.9298, 9.0, GO0003_LC|GO0026_LC|GO0050_LC
202059336, 94.37084, 20.80744, 8.9, GO0003_LC|GO0026_LC|GO0050_LC
202061329, 90.44324, 23.66229, 10.6, GO0026_LC|GO0100_LC
202061333, 90.86505, 23.81058, 10.4, GO0026_LC|GO0050_LC
202061336, 91.1452, 24.00663, 10.3, GO0026_LC|GO0050_LC
202061338, 91.20658, 23.31799, 10.5, GO0026_LC|GO0050_LC|GO0100_LC
202061349, 91.94896, 23.19986, 11.0, GO0026_LC|GO0048_LC|GO0050_LC
202061353, 92.22217, 23.80778, 9.8, GO0026_LC|GO0046_LC|GO0050_LC
202061363, 96.18196, 14.32542, 11.0, GO0026_LC|GO0043_LC
