EPIC ID,RA (J2000) [deg],Dec (J2000) [deg],magnitude,cadence [min],Investigation IDs
202061353,92.22216999999999,23.80779,9.8,30,GO0026_LC|GO0046_LC|GO0050_LC
202061329,90.44324,23.66229,10.6,30,GO0026_LC|GO0100_LC
202059291,90.53921,23.9298,9.0,30,GO0003_LC|GO0026_LC|GO0050_LC
202061333,90.86505,23.810579999999998,10.4,30,GO0026_LC|GO0050_LC
202061336,91.1452,24.006629999999998,10.3,30,GO0026_LC|GO0050_LC
202061338,91.20655,23.31802,10.6,30,GO0026_LC|GO0050_LC|GO0100_LC
202061349,91.94895,23.19987,11.2,30,GO0026_LC|GO0048_LC|GO0050_LC
202059336,94.37084,20.80744,8.9,30,GO0003_LC|GO0026_LC|GO0050_LC
202061363,96.18213,14.32533,11.5,30,GO0026_LC|GO0043_LC
