EPIC ID,RA (J2000) [deg],Dec (J2000) [deg],magnitude,cadence [min],Investigation IDs
202059078,101.12512,27.51967,17.7,30,GO0001_LC|GO0010_LC|GO0110_LC|GO0122_LC
202059073,93.44403,20.84177,15.8,30,GO0001_LC|GO0032_LC|GO0040_LC|GO0101_LC|GO0122_LC
202064161,92.23769,23.48982,11.8,30,GO0050_LC|GO0122_LC
202059074,93.82758000000001,17.72645,13.5,30,GO0001_LC|GO0122_LC
