EPIC ID, RA (J2000) [deg], Dec (J2000) [deg], magnitude, Investigation IDs
200084004, , , , GO10025_LC
200084005, , , , GO10025_LC
200084006, , , , GO10025_LC
200084007, , , , GO10025_LC
200084008, , , , GO10025_LC
200084009, , , , GO10025_LC
200084010, , , , GO10025_LC
200084011, , , , GO10025_LC
201255019, 181.499226, -3.13159, 6.192, GO10063_LC|GO10031_LC|GO10025_LC
228738487, 188.444783, -9.452077, 5.608, GO10077_LC|GO10025_LC
229144017, 189.593355, 1.854664, 5.386, GO10025_LC
