 EPIC ID, RA (J2000) [deg], Dec (J2000) [deg], magnitude, Investigation IDs
201206621, 176.238472, -3.948095, 15.998, GO1039_LC|GO1049_SC
201531672, 171.989512, 1.012279, 16.89, GO1013_LC|GO1039_LC|GO1049_SC
