 EPIC ID, RA (J2000) [deg], Dec (J2000) [deg], magnitude, Investigation IDs
201158092, 173.434327, -5.102532, 15.884, GO1067_SC
201454019, 171.487413, -0.161592, 14.56, GO1067_SC
201540013, 173.469422, 1.13782, 17.473, GO1067_SC
201585823, 176.834111, 1.823944, 15.831, GO1067_SC
201720727, 175.499112, 3.991707, 15.617, GO1067_SC
201866281, 170.843558, 6.634762, 12.479, GO1054_LC|GO1067_SC
