EPIC ID, RA (J2000) [deg], Dec (J2000) [deg], magnitude, Investigation IDs
201419619, 181.986305, -0.66045, 10.052, GO10041_LC|GO10066_LC|GO10042_LC
228811074, 187.052053, -6.316814, 11.663, GO10041_LC|GO10066_LC|GO10042_LC
