 EPIC ID, RA (J2000) [deg], Dec (J2000) [deg], magnitude, Investigation IDs
201355934, 174.016721, -1.616137, 17.908, GO1012_LC|GO1048_LC|GO1007_SC|GO1016_SC
201719578, 170.587934, 3.972892, 18.149, GO1012_LC|GO1048_LC|GO1007_SC|GO1016_SC
201802933, 177.858947, 5.420249, 17.719, GO1007_LC|GO1016_SC
201806008, 177.975833, 5.477729, 14.998, GO1071_LC|GO1048_LC|GO1007_SC|GO1016_SC
