 EPIC ID, RA (J2000) [deg], Dec (J2000) [deg], magnitude, Investigation IDs
201711881, 172.165739, 3.840635, 10.155, GO1021_LC|GO1054_LC
201775362, 168.531971, 4.922707, 15.987, GO1021_LC
201786748, 168.234797, 5.125628, 17.361, GO1021_LC
201828626, 176.949082, 5.892327, 15.849, GO1021_LC
