EPIC ID, RA (J2000) [deg], Dec (J2000) [deg], magnitude, Investigation IDs
201214472, 180.441568, -3.761279, 14.907, GO10018_LC|GO10076_LC|GO10019_LC|GO10006_LC|GO10048_LC|GO10011_LC|GO10018_SC|GO10076_SC|GO10048_SC|GO10011_SC
