EPIC ID,RA (J2000) [deg],Dec (J2000) [deg],magnitude,Investigation IDs
201355934,174.016721,-1.6161370000000002,17.908,GO1007_SC|GO1016_SC|GO1012_LC|GO1048_LC
201719578,170.58793400000002,3.972892,18.149,GO1007_SC|GO1016_SC|GO1012_LC|GO1048_LC
201802933,177.858947,5.420249,17.719,GO1016_SC|GO1007_LC
201806008,177.975833,5.477729,14.998,GO1007_SC|GO1016_SC|GO1007_SC|GO1016_SC|GO1071_LC|GO1048_LC
