EPIC ID, RA (J2000) [deg], Dec (J2000) [deg], magnitude, Investigation IDs
228723830, 186.962341, -10.167111, 8.814, GO10077_LC|GO10074_LC|GO10028_LC
228755638, 191.084322, -8.671343, 10.763, GO10905_LC|GO10004_LC|GO10007_LC|GO10074_LC|GO10024_LC|GO10905_SC|GO10004_SC|GO10007_SC
228866733, 189.535267, -3.988157, 11.656, GO10032_LC|GO10077_LC|GO10074_LC|GO10033_LC
228947351, 189.952341, -2.43934, 11.854, GO10068_LC|GO10077_LC|GO10074_LC
