 EPIC ID, RA (J2000) [deg], Dec (J2000) [deg], magnitude, Investigation IDs
201185922, 176.338187, -4.434936, 17.001, GO1024_LC|GO1002_LC|GO1045_SC|GO1076_SC
201585290, 174.342806, 1.816241, 18.61, GO1024_LC|GO1068_LC|GO1061_LC|GO1045_SC|GO1076_SC|GO1009_SC
201683812, 174.611742, 3.368616, 15.062, GO1068_LC|GO1024_SC|GO1045_SC|GO1076_SC
