EPIC ID, RA (J2000) [deg], Dec (J2000) [deg], magnitude, Investigation IDs
201232258, 181.582823, -3.477287, 19.971, GO10045_LC|GO10014_LC
228780019, 191.414082, -7.618424, 19.183, GO10045_LC|GO10014_LC
228877473, 189.557229, -3.659143, 17.796, GO10045_LC|GO10018_LC|GO10014_LC|GO10019_LC|GO10048_LC|GO10045_SC|GO10048_SC
248369121, , , , GO10045_LC|GO10014_LC|GO10024_LC
248369122, , , , GO10045_LC|GO10014_LC
248369123, , , , GO10045_LC|GO10014_LC|GO10045_SC
