EPIC ID, RA (J2000) [deg], Dec (J2000) [deg], magnitude, Investigation IDs
228720824, 183.793989, -10.312399, 6.055, GO10903_LC|GO10031_LC|GO10002_LC|GO10049_LC|GO10903_SC|GO10002_SC
