 EPIC ID, RA (J2000) [deg], Dec (J2000) [deg], magnitude, Investigation IDs
201323410, 178.737222, -2.102546, 12.343, GO1006_LC|GO1050_LC|GO1052_LC|GO1036_LC|GO1075_LC|GO1047_LC|GO1059_LC|GO1063_LC|GO1037_LC
201481218, 168.291971, 0.238838, 9.616, GO1006_LC|GO1052_LC|GO1036_LC|GO1062_LC|GO1070_LC|GO1075_LC|GO1063_LC|GO1037_LC
201482319, 176.919782, 0.255596, 12.112, GO1006_LC|GO1050_LC|GO1052_LC|GO1036_LC|GO1062_LC|GO1075_LC|GO1059_LC|GO1001_LC|GO1063_LC|GO1037_LC
201611969, 172.886855, 2.228572, 11.546, GO1006_LC|GO1050_LC|GO1052_LC|GO1062_LC|GO1075_LC|GO1059_LC|GO1063_LC|GO1037_LC|GO1008_SC
201718613, 178.040863, 3.956515, 11.412, GO1002_LC|GO1006_LC|GO1050_LC|GO1052_LC|GO1036_LC|GO1075_LC|GO1059_LC|GO1063_LC|GO1037_LC
201719818, 171.910704, 3.976644, 9.985, GO1006_LC|GO1050_LC|GO1052_LC|GO1036_LC|GO1046_LC|GO1062_LC|GO1075_LC|GO1059_LC|GO1001_LC|GO1063_LC|GO1037_LC
201884283, 178.469467, 6.998918, 13.8, GO1062_LC|GO1059_LC|GO1063_LC|GO1037_LC
201909533, 177.986745, 7.524038, 11.491, GO1002_LC|GO1006_LC|GO1050_LC|GO1052_LC|GO1036_LC|GO1075_LC|GO1059_LC|GO1060_LC|GO1063_LC|GO1037_LC
201917390, 177.147885, 7.694533, 12.473, GO1002_LC|GO1006_LC|GO1050_LC|GO1058_LC|GO1052_LC|GO1051_LC|GO1036_LC|GO1062_LC|GO1075_LC|GO1059_LC|GO1063_LC|GO1037_LC
