EPIC ID,RA (J2000) [deg],Dec (J2000) [deg],magnitude,Investigation IDs
201198517,174.83049,-4.137268,8.401,GO1066_LC
201244712,170.89488500000002,-3.289418,8.761000000000001,GO1062_LC|GO1066_LC
201370145,168.28628700000002,-1.409615,7.391,GO1062_LC|GO1040_LC|GO1066_LC
201371239,167.83043999999998,-1.3945969999999999,7.27,GO1040_LC|GO1066_LC
201525065,176.28008,0.9094610000000001,8.456,GO1066_LC
201690230,176.694355,3.474293,7.702999999999999,GO1023_LC|GO1046_LC|GO1032_LC|GO1066_LC
201859902,178.629909,6.506228,9.552,GO1066_SC|GO1054_LC
201877455,178.930405,6.862773,9.166,GO1066_SC
