EPIC ID, RA (J2000) [deg], Dec (J2000) [deg], magnitude, Investigation IDs
201079736, 181.069432, -7.169162, 16.305, GO10001_LC|GO10005_LC|GO10057_LC
201142899, 180.642611, -5.467366, 17.026, GO10001_LC|GO10005_LC|GO10057_LC
201375481, 184.645537, -1.331761, 16.626, GO10065_LC|GO10001_LC|GO10005_LC|GO10057_LC
228866851, 185.714049, -3.982747, 17.001, GO10057_LC
228949527, 188.000056, -2.401324, 16.888, GO10065_LC|GO10001_LC|GO10005_LC|GO10052_LC|GO10057_LC
229151988, 187.277896, 2.052406, 12.737, GO10001_LC|GO10005_LC|GO10057_LC|GO10001_SC|GO10005_SC
