 EPIC ID, RA (J2000) [deg], Dec (J2000) [deg], magnitude, Investigation IDs
201671806, 174.861063, 3.172357, 16.435, GO1013_LC|GO1048_LC|GO1017_SC
201838278, 174.597679, 6.076281, 17.121, GO1017_SC
