 EPIC ID, RA (J2000) [deg], Dec (J2000) [deg], magnitude, Investigation IDs
201461944, 168.3206, -0.046323, 16.507, GO1010_LC|GO1075_LC|GO1060_LC|GO1044_SC
201548872, 167.541711, 1.270302, 17.866, GO1010_LC|GO1060_LC|GO1075_LC|GO1011_SC
201553946, 171.563697, 1.346715, 18.484, GO1010_LC|GO1075_LC|GO1044_SC
201601339, 177.020919, 2.064157, 16.977, GO1010_LC|GO1060_LC|GO1075_LC|GO1044_SC
201755836, 179.586558, 4.583749, 18.465, GO1010_LC
201828049, 169.793604, 5.880136, 18.321, GO1010_LC|GO1075_LC
201831393, 171.27094, 5.945115, 16.993, GO1010_LC|GO1075_LC|GO1044_SC
