 EPIC ID, RA (J2000) [deg], Dec (J2000) [deg], magnitude, Investigation IDs
201270464, 170.13348, -2.898169, 9.392, GO1014_LC|GO1027_LC|GO1043_LC
201583218, 175.97363, 1.784218, 10.123, GO1014_LC
