 EPIC ID, RA (J2000) [deg], Dec (J2000) [deg], magnitude, Investigation IDs
201172543, 173.964676, -4.755692, 8.416, GO1023_LC|GO1032_SC
201361857, 171.072329, -1.529073, 8.841, GO1023_LC|GO1046_LC|GO1032_SC
201650346, 176.426218, 2.821482, 8.553, GO1023_LC|GO1046_LC|GO1070_LC|GO1054_LC|GO1060_LC|GO1032_SC
201690230, 176.694355, 3.474293, 7.703, GO1023_LC|GO1046_LC|GO1032_LC|GO1066_LC
201862715, 175.90838, 6.563726, 10.247, GO1054_LC|GO1059_LC|GO1005_LC|GO1041_SC|GO1032_SC
