EPIC ID, RA (J2000) [deg], Dec (J2000) [deg], magnitude, Investigation IDs
201431768, 182.092517, -0.48263, 10.618, GO10056_LC|GO10021_LC|GO10032_LC|GO10066_LC|GO10042_LC|GO10033_LC|GO10008_LC|GO10049_LC
201506654, 183.568908, 0.623989, 12.105, GO10056_LC|GO10068_LC|GO10021_LC|GO10008_LC
228858734, 189.696948, -4.321421, 12.35, GO10056_LC|GO10068_LC|GO10021_LC|GO10066_LC|GO10042_LC|GO10008_LC|GO10049_LC
