 EPIC ID, RA (J2000) [deg], Dec (J2000) [deg], magnitude, Investigation IDs
201339783, 179.894647, -1.85985, 18.794, GO1018_LC
201375063, 174.140409, -1.338039, 18.395, GO1018_LC
201398311, 172.705257, -0.988374, 18.94, GO1018_LC
201488452, 176.50943, 0.34935, 19.522, GO1018_LC
201536956, 174.559034, 1.091185, 18.727, GO1018_LC
201685593, 179.232301, 3.397686, 19.652, GO1018_LC
201716883, 177.393752, 3.9276, 19.032, GO1018_LC
201780233, 171.860675, 5.008467, 19.104, GO1018_LC
201859140, 174.699327, 6.490979, 19.089, GO1018_LC
