EPIC ID, RA (J2000) [deg], Dec (J2000) [deg], magnitude, Investigation IDs
201232625, 183.18416, -3.471899, 15.01, GO10016_LC|GO10042_LC
228746527, 183.336226, -9.079689, 8.815, GO10016_LC|GO10036_LC
229121034, 187.336146, 1.315105, 10.52, GO10068_LC|GO10051_LC|GO10032_LC|GO10077_LC|GO10016_LC|GO10042_LC
