EPIC ID,RA (J2000) [deg],Dec (J2000) [deg],magnitude,Investigation IDs
201270464,170.13348,-2.8981689999999998,9.392000000000001,GO1014_LC|GO1027_LC|GO1043_LC
201583218,175.97363,1.784218,10.123,GO1014_LC
