EPIC ID, RA (J2000) [deg], Dec (J2000) [deg], magnitude, Investigation IDs
228737888, 183.34658, -9.481585, 10.376, GO10068_LC|GO10051_LC|GO10032_LC|GO10077_LC|GO10055_LC
228835662, 188.764747, -5.29337, 11.162, GO10068_LC|GO10051_LC|GO10077_LC|GO10055_LC|GO10066_LC
