 EPIC ID, RA (J2000) [deg], Dec (J2000) [deg], magnitude, Investigation IDs
201481218, 168.291971, 0.238838, 9.616, GO1006_LC|GO1052_LC|GO1036_LC|GO1062_LC|GO1070_LC|GO1075_LC|GO1063_LC|GO1037_LC
201518346, 176.934984, 0.804563, 9.778, GO1006_LC|GO1050_LC|GO1052_LC|GO1046_LC|GO1062_LC|GO1070_LC|GO1075_LC|GO1060_LC
201626704, 167.417584, 2.45625, 8.441, GO1046_LC|GO1070_LC|GO1068_LC|GO1054_LC|GO1060_LC|GO1038_SC
201650346, 176.426218, 2.821482, 8.553, GO1023_LC|GO1046_LC|GO1070_LC|GO1054_LC|GO1060_LC|GO1032_SC
201749946, 168.305145, 4.482343, 8.474, GO1046_LC|GO1062_LC|GO1070_LC
201885585, 170.87433, 7.025042, 9.839, GO1002_LC|GO1052_LC|GO1036_LC|GO1062_LC|GO1070_LC|GO1068_LC|GO1059_LC|GO1005_LC
