EPIC ID,RA (J2000) [deg],Dec (J2000) [deg],magnitude,Investigation IDs
201185922,176.338187,-4.434936,17.000999999999998,GO1045_SC|GO1076_SC|GO1024_LC|GO1002_LC
201445903,171.48211,-0.277419,19.506,GO1024_LC|GO1068_LC
201525706,176.641427,0.919557,16.7,GO1024_LC|GO1068_LC|GO1071_LC
201585290,174.342806,1.816241,18.61,GO1045_SC|GO1076_SC|GO1009_SC|GO1024_LC|GO1068_LC|GO1061_LC
201683812,174.611742,3.3686160000000003,15.062000000000001,GO1024_SC|GO1045_SC|GO1076_SC|GO1068_LC
201850883,174.611368,6.322086,18.733,GO1007_LC|GO1024_LC|GO1068_LC
210282487,168.1493,0.47051000000000004,17.6,GO1024_LC
210282488,168.90471000000002,5.16714,16.7,GO1024_LC
210282489,174.46233999999998,0.70497,19.4,GO1024_LC
