EPIC ID, RA (J2000) [deg], Dec (J2000) [deg], magnitude, Investigation IDs
201120067, 183.652835, -6.035761, 11.143, GO10068_LC|GO10020_LC
228856385, 188.470787, -4.422113, 9.429, GO10042_LC|GO10020_LC
229048532, 186.916861, -0.4641, 14.104, GO10020_LC
