 EPIC ID, RA (J2000) [deg], Dec (J2000) [deg], magnitude, Investigation IDs
201317732, 178.191291, -2.187837, 18.46, GO1033_LC
201540171, 173.300522, 1.140241, 17.965, GO1033_LC
201574216, 175.783961, 1.64924, 17.521, GO1033_LC
201869112, 174.860786, 6.690531, 19.346, GO1033_LC
201898697, 174.474268, 7.297997, 18.4, GO1033_LC
