EPIC ID,RA (J2000) [deg],Dec (J2000) [deg],magnitude,Investigation IDs
201548872,167.54171100000002,1.270302,17.866,GO1011_SC|GO1010_LC|GO1060_LC|GO1075_LC
