EPIC ID, RA (J2000) [deg], Dec (J2000) [deg], magnitude, Investigation IDs
223025528, 267.521136, -26.628744, 9.08, GO11122_LC|GO11002_LC|GO11101_LC|GO11056_LC|GO11038_LC|GO11052_LC|GO11019_LC|GO11127_LC
232157230, 255.123224, -27.037219, 9.733, GO11122_LC|GO11002_LC|GO11101_LC|GO11056_LC|GO11038_LC|GO11052_LC
232201328, 257.152526, -26.836748, 8.942, GO11122_LC|GO11002_LC|GO11101_LC|GO11056_LC|GO11036_LC|GO11052_LC|GO11127_LC
234151618, 260.51649, -20.741409, 9.127, GO11123_LC|GO11122_LC|GO11002_LC|GO11056_LC|GO11036_LC|GO11052_LC|GO11019_LC
234288811, 260.642511, -20.069431, 10.262, GO11122_LC|GO11002_LC|GO11056_LC|GO11038_LC|GO11052_LC
240270796, 265.77901, -29.934694, 9.509, GO11122_LC|GO11101_LC|GO11056_LC|GO11052_LC|GO11019_LC|GO11127_LC
