EPIC ID, RA (J2000) [deg], Dec (J2000) [deg], magnitude, Investigation IDs
221620277, 265.626479, -28.748777, 8.868, GO11097_LC|GO11071_LC|GO11122_LC|GO11002_LC|GO11024_LC|GO11025_LC|GO11039_LC|GO11103_LC|GO11083_LC|GO11019_LC|GO11097_SC|GO11103_SC
224671808, 262.277324, -23.836117, 9.107, GO11049_LC|GO11122_LC|GO11032_LC|GO11024_LC|GO11025_LC|GO11039_LC|GO11050_LC
227161374, 263.099437, -18.840542, 10.142, GO11049_LC|GO11025_LC|GO11103_LC|GO11103_SC
