EPIC ID, RA (J2000) [deg], Dec (J2000) [deg], magnitude, Investigation IDs
204613898, 252.512752, -21.611126, 16.771, GO11072_LC
227389858, 262.368289, -18.271804, 13.791, GO11072_LC|GO11072_SC
227441033, 262.953937, -18.145014, 15.1, GO11072_LC|GO11072_SC
230195595, 256.130968, -17.943539, 15.591, GO11072_LC
231422890, 257.12008, -22.294018, 17.071, GO11072_LC
234319842, 260.604997, -19.909844, 12.97, GO11122_LC|GO11072_LC|GO11072_SC
