EPIC ID, RA (J2000) [deg], Dec (J2000) [deg], magnitude, Investigation IDs
224161655, 263.009072, -24.745632, 11.77, GO11067_LC|GO11002_LC|GO11017_LC|GO11115_LC|GO11067_SC|GO11115_SC
251248439, , , , GO11055_LC|GO11115_LC|GO11055_SC
