EPIC ID, RA (J2000) [deg], Dec (J2000) [deg], magnitude, Investigation IDs
225015728, 262.451656, -23.262499, 9.509, GO11049_LC|GO11071_LC|GO11122_LC|GO11028_LC|GO11050_LC|GO11052_LC|GO11019_LC
225119740, 262.943289, -23.087826, 9.468, GO11049_LC|GO11071_LC|GO11122_LC|GO11028_LC|GO11050_LC|GO11019_LC
225280363, 264.268829, -22.807951, 10.1, GO11122_LC|GO11028_LC|GO11052_LC|GO11019_LC
230533709, 256.549177, -21.564583, 6.351, GO11122_LC|GO11028_LC|GO11019_LC
231107517, 256.944225, -24.773556, 9.206, GO11122_LC|GO11028_LC|GO11052_LC
233434079, 259.943483, -17.805541, 9.711, GO11122_LC|GO11028_LC|GO11052_LC|GO11019_LC
235730151, 260.787518, -29.53356, 9.566, GO11071_LC|GO11122_LC|GO11002_LC|GO11024_LC|GO11028_LC|GO11052_LC
