EPIC ID, RA (J2000) [deg], Dec (J2000) [deg], magnitude, Investigation IDs
223217668, 268.605289, -26.33127, 11.939, GO11093_LC|GO11113_LC|GO11101_LC|GO11102_LC|GO11127_LC|GO11102_SC
