EPIC ID, RA (J2000) [deg], Dec (J2000) [deg], magnitude, Investigation IDs
237741498, 258.21336, -30.943653, 16.892, GO11026_LC|GO11043_LC
240739740, 263.685211, -28.176585, 14.948, GO11067_LC|GO11043_LC
251248367, , , , GO11055_LC|GO11026_LC|GO11067_LC|GO11043_LC|GO11055_SC
251248431, , , , GO11067_LC|GO11043_LC
251248432, , , , GO11067_LC|GO11043_LC
