EPIC ID, RA (J2000) [deg], Dec (J2000) [deg], magnitude, Investigation IDs
224682157, 264.397494, -23.818123, 12.982, GO11123_LC|GO11087_LC|GO11070_LC
235851748, 258.300722, -29.160152, 13.585, GO11049_LC|GO11087_LC
