EPIC ID, RA (J2000) [deg], Dec (J2000) [deg], magnitude, Investigation IDs
204392026, 253.060713, -22.516369, 18.212, GO11001_LC
230614967, 255.900074, -20.788913, 15.545, GO11001_LC
231250337, 257.436232, -23.781417, 14.533, GO11001_LC
235115462, 259.12408, -24.096962, 15.261, GO11001_LC
