EPIC ID, RA (J2000) [deg], Dec (J2000) [deg], magnitude, Investigation IDs
231459974, 257.534332, -29.97342, 9.39, GO11049_LC|GO11071_LC|GO11122_LC|GO11062_LC|GO11024_LC|GO11039_LC|GO11083_LC
233933903, 259.099557, -21.85795, 7.401, GO11012_LC|GO11071_LC|GO11122_LC|GO11062_LC|GO11024_LC|GO11039_LC|GO11083_LC|GO11019_LC|GO11012_SC
234426962, 260.142964, -19.33375, 6.396, GO11012_LC|GO11071_LC|GO11122_LC|GO11002_LC|GO11062_LC|GO11024_LC|GO11039_LC|GO11083_LC|GO11019_LC|GO11085_LC|GO11012_SC
234863731, 258.130271, -25.227159, 8.189, GO11012_LC|GO11071_LC|GO11122_LC|GO11062_LC|GO11024_LC|GO11039_LC|GO11083_LC|GO11019_LC|GO11012_SC
236048293, 261.528288, -28.543596, 7.574, GO11071_LC|GO11122_LC|GO11048_LC|GO11002_LC|GO11062_LC|GO11083_LC|GO11019_LC
