EPIC ID, RA (J2000) [deg], Dec (J2000) [deg], magnitude, Investigation IDs
227689207, 263.24578, -17.495938, 6.633, GO11035_LC|GO11019_LC
230626442, 257.488573, -20.680125, 7.342, GO11035_LC|GO11019_LC
230629135, 257.768186, -20.65457, 6.64, GO11122_LC|GO11048_LC|GO11035_LC|GO11039_LC|GO11019_LC|GO11085_LC
230635278, 255.509124, -20.595399, 7.403, GO11035_LC|GO11019_LC
231301876, 256.115926, -23.390537, 6.913, GO11002_LC|GO11035_LC|GO11019_LC
233415690, 259.184286, -17.914671, 7.172, GO11035_LC|GO11019_LC
234257385, 260.674701, -20.2261, 7.767, GO11035_LC|GO11019_LC
234259578, 260.736155, -20.215208, 7.588, GO11035_LC
