EPIC ID, RA (J2000) [deg], Dec (J2000) [deg], magnitude, Investigation IDs
203749199, 253.490436, -25.069244, 8.188, GO11109_LC|GO11122_LC|GO11052_LC|GO11019_LC|GO11902_LC
225990054, 262.764426, -21.485288, 9.612, GO11109_LC|GO11122_LC|GO11002_LC|GO11101_LC|GO11024_LC|GO11052_LC|GO11902_LC
227231984, 262.361265, -18.66422, 9.464, GO11109_LC|GO11122_LC|GO11052_LC
230753303, 255.901091, -19.462166, 9.758, GO11109_LC|GO11002_LC|GO11052_LC
232147357, 254.772986, -27.081997, 10.035, GO11109_LC|GO11052_LC
232176043, 254.24177, -26.951556, 9.123, GO11109_LC|GO11122_LC|GO11052_LC
232284277, 257.717245, -26.451689, 8.679, GO11109_LC|GO11122_LC|GO11101_LC|GO11052_LC
