EPIC ID, RA (J2000) [deg], Dec (J2000) [deg], magnitude, Investigation IDs
223877191, 266.238, -25.237345, 10.757, GO11112_LC|GO11049_LC|GO11071_LC|GO11122_LC|GO11101_LC|GO11059_LC|GO11082_LC|GO11052_LC
235080804, 260.177432, -24.271286, 8.873, GO11112_LC|GO11071_LC|GO11101_LC|GO11024_LC|GO11059_LC|GO11082_LC|GO11052_LC|GO11127_LC
