EPIC ID, RA (J2000) [deg], Dec (J2000) [deg], magnitude, Investigation IDs
246047821, 351.329994, -8.305319, 18.976, GO12067_LC|GO12026_LC|GO12055_LC|GO12055_SC
246331845, 346.347315, -2.430152, 19.753, GO12067_LC
