EPIC ID, RA (J2000) [deg], Dec (J2000) [deg], magnitude, Investigation IDs
200164167, , , , GO12047_LC|GO12103_LC|GO12039_LC|GO12122_LC
245919787, 353.128591, -12.264303, 10.329, GO12103_LC|GO12077_LC|GO12024_LC|GO12018_LC|GO12123_LC|GO12010_LC|GO12904_LC|GO12103_SC
246331757, 347.404685, -2.431998, 10.479, GO12083_LC|GO12103_LC|GO12123_LC|GO12904_LC|GO12103_SC
246469764, 351.733149, 1.255608, 5.018, GO12103_LC|GO12039_LC|GO12122_LC
