EPIC ID, RA (J2000) [deg], Dec (J2000) [deg], magnitude, Investigation IDs
245910293, 352.491365, -12.876742, 8.528, GO12019_LC|GO12052_LC|GO12028_LC|GO12122_LC
245932815, 353.800157, -11.577651, 8.163, GO12019_LC|GO12052_LC|GO12028_LC|GO12024_LC|GO12002_LC|GO12122_LC
245945743, 352.984564, -10.994583, 8.59, GO12019_LC|GO12028_LC|GO12048_LC
245984590, 353.064264, -9.883836, 9.849, GO12019_LC|GO12052_LC|GO12028_LC|GO12122_LC
245988505, 348.276681, -9.778854, 10.163, GO12019_LC|GO12052_LC|GO12028_LC|GO12024_LC|GO12122_LC
246022726, 348.364734, -8.908094, 7.829, GO12019_LC|GO12052_LC|GO12036_LC|GO12028_LC|GO12002_LC|GO12122_LC
246321394, 348.526585, -2.634984, 8.309, GO12052_LC|GO12028_LC|GO12002_LC|GO12122_LC|GO12071_LC
