EPIC ID, RA (J2000) [deg], Dec (J2000) [deg], magnitude, Investigation IDs
246152029, 351.770317, -6.017877, 11.926, GO12082_LC|GO12122_LC|GO12071_LC|GO12123_LC|GO12049_LC
246240303, 351.373416, -4.232646, 11.05, GO12082_LC|GO12071_LC
246249956, 355.025407, -4.048684, 9.917, GO12019_LC|GO12082_LC|GO12024_LC|GO12122_LC|GO12071_LC|GO12049_LC|GO12904_LC
246342010, 350.602879, -2.228129, 11.52, GO12082_LC|GO12018_LC|GO12071_LC
246432069, 347.21024, 0.014658, 10.299, GO12083_LC|GO12082_LC|GO12024_LC|GO12049_LC
