EPIC ID, RA (J2000) [deg], Dec (J2000) [deg], magnitude, Investigation IDs
246067806, 352.998279, -7.848975, 17.462, GO12030_LC
246290795, 350.914855, -3.252166, 17.449, GO12030_LC
