EPIC ID, RA (J2000) [deg], Dec (J2000) [deg], magnitude, Investigation IDs
246045566, 355.49972, -8.355165, 14.069, GO12021_LC|GO12123_LC
246106747, 352.978627, -6.992229, 14.194, GO12019_LC|GO12021_LC|GO12123_LC
246120237, 357.48498, -6.698605, 15.771, GO12021_LC
251456338, , , , GO12021_LC
251456339, , , , GO12021_LC
