EPIC ID, RA (J2000) [deg], Dec (J2000) [deg], magnitude, Investigation IDs
200164267, , , , GO12022_SC|GO12029_SC|GO12032_SC|GO12039_SC|GO12042_SC|GO12046_SC|GO12123_SC|TRAPPIST
246199087, 346.622013, -5.041274, 12.917, GO12039_LC|GO12042_LC|GO12032_LC|GO12022_LC|GO12123_LC|GO12029_LC|GO12046_LC|GO12046_SC
