EPIC ID, RA (J2000) [deg], Dec (J2000) [deg], magnitude, Investigation IDs
245926081, 352.507737, -11.908404, 9.708, GO12052_LC|GO12024_LC|GO12002_LC|GO12122_LC|GO12071_LC|GO12097_LC|GO12049_LC|GO12097_SC
246057376, 356.82645, -8.086691, 10.34, GO12019_LC|GO12052_LC|GO12002_LC|GO12122_LC|GO12097_LC|GO12902_LC|GO12903_LC|GO12097_SC
246132413, 345.329535, -6.437604, 9.997, GO12019_LC|GO12050_LC|GO12122_LC|GO12071_LC|GO12097_LC|GO12049_LC|GO12097_SC
