EPIC ID, RA (J2000) [deg], Dec (J2000) [deg], magnitude, Investigation IDs
246340370, 347.294699, -2.260744, 8.617, GO12085_LC|GO12083_LC|GO12039_LC|GO12062_LC|GO12122_LC|GO12071_LC|GO12049_LC|GO12904_LC
246375295, 353.616168, -1.580036, 11.933, GO12085_LC|GO12062_LC|GO12099_LC|GO12122_LC|GO12124_LC|GO12071_LC|GO12902_LC|GO12903_LC|GO12062_SC|GO12099_SC|GO12124_SC
