EPIC ID, RA (J2000) [deg], Dec (J2000) [deg], magnitude, Investigation IDs
246315887, 352.937213, -2.744283, 13.044, GO12039_LC|GO12004_LC|GO12002_LC|GO12018_LC|GO12123_LC|GO12902_LC|GO12903_LC|GO12004_SC
246343772, 345.512418, -2.194391, 18.426, GO12004_LC|GO12004_SC
