EPIC ID, RA (J2000) [deg], Dec (J2000) [deg], magnitude, Investigation IDs
246309217, 353.942324, -2.880956, 13.938, GO12068_LC|GO12116_LC
246317134, 353.312703, -2.720175, 16.588, GO12068_LC
246317952, 353.315433, -2.702716, 16.838, GO12068_LC
246389554, 353.293766, -1.292037, 14.4, GO12068_LC
251456419, , , , GO12068_LC|GO12116_LC
