EPIC ID, RA (J2000) [deg], Dec (J2000) [deg], magnitude, Investigation IDs
245919787, 353.128591, -12.264303, 10.329, GO12103_LC|GO12077_LC|GO12024_LC|GO12018_LC|GO12123_LC|GO12010_LC|GO12904_LC|GO12103_SC
