EPIC ID, RA (J2000) [deg], Dec (J2000) [deg], magnitude, Investigation IDs
245944681, 351.689555, -11.032598, 8.471, GO12127_LC|GO12019_LC|GO12052_LC|GO12113_LC
