EPIC ID, RA (J2000) [deg], Dec (J2000) [deg], magnitude, Investigation IDs
246016562, 349.755992, -9.059742, 10.08, GO12052_LC|GO12038_LC|GO12122_LC|GO12109_LC
246152326, 351.184434, -6.011964, 10.017, GO12052_LC|GO12122_LC|GO12109_LC
