EPIC ID, RA (J2000) [deg], Dec (J2000) [deg], magnitude, Investigation IDs
200173879, , , , GO13023|GO13025|GO13039|GO13047|GO13077|GO13122
200173883, , , , GO13006|GO13023|GO13025|GO13039|GO13047|GO13077|GO13122
210548567, 67.640136, 16.194012, 4.814, GO13047_LC|GO13122_LC|GO13023_LC|GO13006_LC|GO13025_LC|GO13077_LC|GO13039_LC
210690735, 67.516651, 18.230399, 10.389, GO13117_LC|GO13009_LC|GO13016_LC|GO13002_LC|GO13062_LC|GO13025_LC|GO13082_LC|GO13058_LC|GO13119_LC|GO13903_LC
