EPIC ID, RA (J2000) [deg], Dec (J2000) [deg], magnitude, Investigation IDs
210683818, 67.891989, 18.134695, 15.04, GO13117_LC|GO13009_LC|GO13002_LC|GO13086_LC|GO13082_LC|GO13119_LC|GO13005_LC
210690892, 67.916987, 18.23253, 12.012, GO13117_LC|GO13009_LC|GO13016_LC|GO13002_LC|GO13121_LC|GO13086_LC|GO13082_LC|GO13058_LC|GO13119_LC|GO13005_LC|GO13118_LC
210690913, 67.9103, 18.232801, 13.698, GO13117_LC|GO13009_LC|GO13016_LC|GO13086_LC|GO13082_LC|GO13058_LC|GO13005_LC|GO13118_LC|GO13082_SC
246923113, 71.775872, 16.978558, 10.545, GO13117_LC|GO13009_LC|GO13016_LC|GO13082_LC|GO13058_LC|GO13119_LC|GO13005_LC|GO13118_LC|GO13117_SC|GO13118_SC
246925324, 71.721091, 17.000025, 12.57, GO13117_LC|GO13009_LC|GO13016_LC|GO13002_LC|GO13082_LC|GO13119_LC|GO13005_LC|GO13118_LC|GO13117_SC|GO13119_SC
247820507, 67.348912, 24.549997, 13.069, GO13117_LC|GO13009_LC|GO13011_LC|GO13016_LC|GO13002_LC|GO13121_LC|GO13086_LC|GO13082_LC|GO13119_LC|GO13005_LC
248009353, 68.178394, 25.875366, 11.645, GO13117_LC|GO13009_LC|GO13016_LC|GO13002_LC|GO13121_LC|GO13082_LC|GO13058_LC|GO13119_LC|GO13005_LC|GO13118_LC|GO13119_SC
