EPIC ID, RA (J2000) [deg], Dec (J2000) [deg], magnitude, Investigation IDs
246719502, 70.747111, 14.814568, 6.458, GO13035_LC|GO13019_LC|GO13903_LC
246810725, 77.024042, 15.855239, 7.008, GO13123_LC|GO13035_LC
246924831, 68.744224, 16.994685, 8.055, GO13035_LC|GO13903_LC
246975820, 69.967425, 17.489264, 8.246, GO13035_LC
247227122, 68.927332, 19.881791, 6.174, GO13048_LC|GO13002_LC|GO13035_LC|GO13028_LC|GO13083_LC|GO13019_LC
248122764, 73.242626, 26.777441, 8.182, GO13035_LC
