EPIC ID, RA (J2000) [deg], Dec (J2000) [deg], magnitude, Investigation IDs
246711015, 75.556056, 14.710217, 15.635, GO13029_LC|GO13022_LC|GO13042_LC|GO13042_SC
247051861, 68.066961, 18.212874, 12.687, GO13117_LC|GO13029_LC|GO13123_LC|GO13022_LC|GO13009_LC|GO13016_LC|GO13042_LC|GO13086_LC|GO13082_LC|GO13118_LC|GO13042_SC
247581233, 68.964299, 22.819986, 16.933, GO13029_LC|GO13022_LC|GO13009_LC|GO13011_LC|GO13042_LC
248018652, 67.73828, 25.9443, 15.903, GO13029_LC|GO13022_LC|GO13009_LC|GO13011_LC|GO13042_LC|GO13042_SC
248044306, 67.530184, 26.139109, 16.415, GO13029_LC|GO13022_LC|GO13009_LC|GO13011_LC|GO13042_LC|GO13042_SC
251456966, , , , GO13029_LC|GO13022_LC|GO13042_LC
251456967, , , , GO13029_LC|GO13022_LC
