EPIC ID, RA (J2000) [deg], Dec (J2000) [deg], magnitude, Investigation IDs
200173845, , , , GO13023_LC|GO13025_LC|GO13039_LC|GO13047_LC|GO13077_LC|GO13122_LC
200173855, , , , GO13006_LC|GO13023_LC|GO13025_LC|GO13039_LC|GO13047_LC|GO13077_LC|GO13122_LC
200173879, , , , GO13023_SC|GO13025_SC|GO13039_SC|GO13047_SC|GO13077_SC|GO13122_SC
200173883, , , , GO13006_SC|GO13023_SC|GO13025_SC|GO13039_SC|GO13047_SC|GO13077_SC|GO13122_SC
210548567, 67.640136, 16.194012, 4.814, GO13047_LC|GO13122_LC|GO13023_LC|GO13006_LC|GO13025_LC|GO13077_LC|GO13039_LC
210690735, 67.516651, 18.230399, 10.389, GO13117_LC|GO13009_LC|GO13016_LC|GO13002_LC|GO13062_LC|GO13025_LC|GO13082_LC|GO13058_LC|GO13119_LC|GO13903_LC
