EPIC ID, RA (J2000) [deg], Dec (J2000) [deg], magnitude, Investigation IDs
246773415, 75.205361, 15.450199, 10.375, GO13103_LC|GO13070_LC|GO13903_LC|GO13103_SC
247340158, 70.328568, 20.901513, 10.102, GO13049_LC|GO13032_LC|GO13002_LC|GO13062_LC|GO13039_LC|GO13103_LC|GO13903_LC
247520207, 69.824111, 22.350905, 11.488, GO13117_LC|GO13009_LC|GO13016_LC|GO13062_LC|GO13103_LC|GO13082_LC|GO13058_LC|GO13119_LC|GO13118_LC|GO13103_SC|GO13082_SC
