EPIC ID, RA (J2000) [deg], Dec (J2000) [deg], magnitude, Investigation IDs
246805167, 72.656967, 15.79708, 8.599, GO13021_LC|GO13052_LC
247497550, 76.217645, 22.176117, 12.576, GO13021_LC
247785704, 75.355167, 24.310377, 11.164, GO13021_LC|GO13052_LC
247961728, 67.077226, 25.528039, 10.836, GO13021_LC
248002365, 69.451064, 25.823938, 9.493, GO13021_LC
