EPIC ID, RA (J2000) [deg], Dec (J2000) [deg], magnitude, Investigation IDs
247169098, 71.394528, 19.328305, 8.671, GO13112_LC|GO13071_LC|GO13122_LC|GO13101_LC|GO13024_LC|GO13059_LC|GO13077_LC|GO13082_LC|GO13052_LC|GO13127_LC
247745384, 75.566223, 24.029163, 9.144, GO13112_LC|GO13071_LC|GO13122_LC|GO13002_LC|GO13101_LC|GO13095_LC|GO13059_LC|GO13082_LC|GO13052_LC|GO13127_LC
