EPIC ID, RA (J2000) [deg], Dec (J2000) [deg], magnitude, Investigation IDs
247729177, 71.496666, 23.916826, 9.631, GO13071_LC|GO13109_LC|GO13122_LC|GO13024_LC|GO13052_LC
