EPIC ID, RA (J2000) [deg], Dec (J2000) [deg], magnitude, Investigation IDs
246715531, 75.762964, 14.765699, 9.271, GO13049_LC|GO13097_LC|GO13071_LC|GO13122_LC|GO13002_LC|GO13095_LC|GO13052_LC|GO13097_SC
247106666, 69.629404, 18.733741, 8.771, GO13122_LC|GO13002_LC|GO13101_LC|GO13095_LC|GO13052_LC
247511742, 76.184147, 22.285674, 10.709, GO13049_LC|GO13097_LC|GO13071_LC|GO13122_LC|GO13002_LC|GO13098_LC|GO13095_LC|GO13050_LC|GO13052_LC|GO13097_SC
247597352, 70.975009, 22.944414, 7.034, GO13122_LC|GO13002_LC|GO13095_LC|GO13019_LC
247745384, 75.566223, 24.029163, 9.144, GO13112_LC|GO13071_LC|GO13122_LC|GO13002_LC|GO13101_LC|GO13095_LC|GO13059_LC|GO13082_LC|GO13052_LC|GO13127_LC
247805533, 74.130222, 24.446751, 12.356, GO13123_LC|GO13002_LC|GO13095_LC
247924036, 75.4256, 25.262024, 13.505, GO13002_LC|GO13095_LC
247963532, 67.53944, 25.540833, 10.934, GO13071_LC|GO13122_LC|GO13002_LC|GO13095_LC|GO13024_LC|GO13052_LC
248139290, 73.686306, 26.924256, 12.535, GO13123_LC|GO13002_LC|GO13095_LC
