EPIC ID, RA (J2000) [deg], Dec (J2000) [deg], magnitude, Investigation IDs
246864600, 75.712265, 16.406162, 18.049, GO13067_LC|GO13002_LC|GO13017_LC|GO13067_SC|GO13017_SC
251456970, , , , GO13055_LC|GO13026_LC|GO13067_LC|GO13055_SC
