EPIC ID, RA (J2000) [deg], Dec (J2000) [deg], magnitude, Investigation IDs
246715531, 75.762964, 14.765699, 9.271, GO13049_LC|GO13097_LC|GO13071_LC|GO13122_LC|GO13002_LC|GO13095_LC|GO13052_LC|GO13097_SC
246997643, 73.948655, 17.700527, 10.89, GO13117_LC|GO13097_LC|GO13123_LC|GO13016_LC|GO13002_LC|GO13118_LC|GO13903_LC
247253928, 79.379805, 20.131841, 6.699, GO13014_LC|GO13097_LC|GO13122_LC|GO13002_LC|GO13024_LC|GO13036_LC|GO13039_LC|GO13019_LC|GO13903_LC|GO13097_SC
247511742, 76.184147, 22.285674, 10.709, GO13049_LC|GO13097_LC|GO13071_LC|GO13122_LC|GO13002_LC|GO13098_LC|GO13095_LC|GO13050_LC|GO13052_LC|GO13097_SC
247857331, 72.304107, 24.802841, 9.25, GO13008_LC|GO13049_LC|GO13064_LC|GO13097_LC|GO13071_LC|GO13122_LC|GO13002_LC|GO13023_LC|GO13077_LC|GO13039_LC|GO13090_LC|GO13903_LC|GO13097_SC
247888948, 68.663677, 25.016967, 10.03, GO13117_LC|GO13049_LC|GO13097_LC|GO13123_LC|GO13903_LC|GO13097_SC
