EPIC ID, RA (J2000) [deg], Dec (J2000) [deg], magnitude, Investigation IDs
246643895, 72.284718, 13.833535, 14.498, GO13072_LC|GO13044_LC|GO13072_SC
246683636, 71.237082, 14.363935, 15.066, GO13072_LC|GO13044_LC|GO13072_SC
246735349, 70.763917, 15.006696, 13.973, GO13044_LC
246745570, 72.124143, 15.127714, 15.68, GO13072_LC|GO13044_LC|GO13019_LC|GO13072_SC
246864591, 74.997072, 16.406037, 15.975, GO13072_LC|GO13044_LC|GO13072_SC
246877984, 77.053697, 16.537902, 16.112, GO13072_LC|GO13044_LC|GO13072_SC
246901153, 69.942822, 16.764441, 15.697, GO13072_LC|GO13044_LC|GO13072_SC
246980092, 72.773607, 17.530337, 15.739, GO13072_LC|GO13044_LC|GO13072_SC
246997679, 78.457432, 17.700731, 14.581, GO13072_LC|GO13044_LC|GO13072_SC
