EPIC ID, RA (J2000) [deg], Dec (J2000) [deg], magnitude, Investigation IDs
200182927, , , , GO14001|GO14003|GO14004|GO14063|GO14068
201445728, 163.276111, -0.279801, 12.058, GO14068_LC|GO14009_LC|GO14052_LC|GO14021_LC|GO14020_LC
201594287, 166.725865, 1.955526, 5.374, GO14003_LC|GO14068_LC|GO14063_LC|GO14001_LC|GO14004_LC
248432941, 157.231462, 0.841006, 8.771, GO14025_LC|GO14014_LC|GO14068_LC|GO14056_LC|GO14030_LC|GO14063_LC|GO14031_LC|GO14028_LC|GO14065_LC
248476320, 156.054903, 2.368017, 7.729, GO14003_LC|GO14025_LC|GO14068_LC|GO14063_LC|GO14001_LC|GO14004_LC
248538738, 160.895185, 4.250812, 8.524, GO14010_LC|GO14068_LC|GO14063_LC|GO14001_LC|GO14009_LC|GO14028_LC|GO14021_LC|GO14901_LC|GO14010_SC
248637069, 162.716797, 6.808119, 10.436, GO14025_LC|GO14014_LC|GO14068_LC|GO14056_LC|GO14030_LC|GO14063_LC|GO14001_LC|GO14031_LC|GO14009_LC|GO14052_LC|GO14005_LC|GO14901_LC
248660770, 164.128326, 7.388474, 7.204, GO14025_LC|GO14068_LC|GO14030_LC|GO14063_LC|GO14031_LC|GO14021_LC|GO14901_LC
248889370, 162.404775, 12.929246, 9.446, GO14025_LC|GO14041_LC|GO14068_LC|GO14001_LC|GO14009_LC|GO14028_LC|GO14021_LC|GO14065_LC|GO14901_LC
