EPIC ID, RA (J2000) [deg], Dec (J2000) [deg], magnitude, Investigation IDs
248427628, 155.948711, 0.644619, 17.815, GO14093_LC|GO14066_LC|GO14019_LC|GO14057_LC|GO14093_SC|GO14019_SC|GO14057_SC
248659463, 158.32196, 7.355166, 19.828, GO14066_LC|GO14019_LC|GO14032_LC|GO14019_SC
248746213, 164.484577, 9.387486, 15.272, GO14066_LC|GO14019_LC|GO14044_LC|GO14049_LC|GO14052_LC|GO14065_LC|GO14066_SC|GO14049_SC
248769430, 163.958647, 9.939013, 17.59, GO14066_LC|GO14019_LC|GO14032_LC|GO14019_SC
251457101, 159.4110417, 12.7139444, 17.29, GO14066_LC|GO14019_LC
251457125, 156.6703, 5.5758, 19.44, GO14066_LC|GO14058_LC
