EPIC ID, RA (J2000) [deg], Dec (J2000) [deg], magnitude, Investigation IDs
248746213, 164.484577, 9.387486, 15.272, GO14066_LC|GO14019_LC|GO14044_LC|GO14049_LC|GO14052_LC|GO14065_LC|GO14066_SC|GO14049_SC
