EPIC ID, RA (J2000) [deg], Dec (J2000) [deg], magnitude, Investigation IDs
201661761, 165.331938, 3.00476, 12.891, GO14014_LC|GO14056_LC|GO14030_LC|GO14063_LC|GO14009_LC|GO14052_LC|GO14005_LC
201885041, 164.120109, 7.01454, 11.585, GO14082_LC|GO14025_LC|GO14067_LC|GO14012_LC|GO14072_LC|GO14018_LC|GO14056_LC|GO14030_LC|GO14063_LC|GO14052_LC|GO14005_LC|GO14082_SC|GO14072_SC
248432941, 157.231462, 0.841006, 8.771, GO14025_LC|GO14014_LC|GO14068_LC|GO14056_LC|GO14030_LC|GO14063_LC|GO14031_LC|GO14028_LC|GO14065_LC
248574998, 156.360209, 5.210876, 16.066, GO14030_LC|GO14052_LC
248601792, 163.059258, 5.919405, 13.343, GO14014_LC|GO14072_LC|GO14056_LC|GO14030_LC|GO14063_LC|GO14052_LC|GO14072_SC
248624968, 158.137423, 6.502076, 14.123, GO14030_LC|GO14052_LC
248637069, 162.716797, 6.808119, 10.436, GO14025_LC|GO14014_LC|GO14068_LC|GO14056_LC|GO14030_LC|GO14063_LC|GO14001_LC|GO14031_LC|GO14009_LC|GO14052_LC|GO14005_LC|GO14901_LC
248660770, 164.128326, 7.388474, 7.204, GO14025_LC|GO14068_LC|GO14030_LC|GO14063_LC|GO14031_LC|GO14021_LC|GO14901_LC
248856413, 165.210143, 12.069655, 14.311, GO14072_LC|GO14056_LC|GO14030_LC|GO14052_LC|GO14072_SC
