EPIC ID, RA (J2000) [deg], Dec (J2000) [deg], magnitude, Investigation IDs
248523380, 159.487663, 3.839912, 18.749, GO14016_LC|GO14024_LC|GO14046_LC|GO14024_SC
248726003, 160.923082, 8.932843, 17.351, GO14016_LC|GO14024_LC|GO14046_LC|GO14062_LC|GO14016_SC|GO14024_SC|GO14062_SC
