EPIC ID, RA (J2000) [deg], Dec (J2000) [deg], magnitude, Investigation IDs
201600342, 166.412494, 2.049313, 15.87, GO14008_LC|GO14040_LC
248541564, 154.204252, 4.324456, 17.286, GO14088_LC|GO14008_LC|GO14040_LC
248577888, 164.225651, 5.287025, 18.31, GO14008_LC|GO14040_LC
248621209, 161.469712, 6.410183, 18.996, GO14040_LC|GO14103_LC
248623190, 156.63313, 6.459139, 18.041, GO14088_LC|GO14008_LC|GO14040_LC
248763535, 164.603187, 9.798094, 18.11, GO14008_LC|GO14040_LC
248803883, 165.199384, 10.770337, 18.523, GO14040_LC
248855965, 160.685883, 12.058756, 17.328, GO14088_LC|GO14008_LC|GO14040_LC
248916899, 159.593576, 13.782534, 17.526, GO14008_LC|GO14040_LC
