EPIC ID, RA (J2000) [deg], Dec (J2000) [deg], magnitude, Investigation IDs
201826322, 163.689879, 5.84786, 7.201, GO14003_LC|GO14044_LC|GO14004_LC
248746213, 164.484577, 9.387486, 15.272, GO14066_LC|GO14019_LC|GO14044_LC|GO14049_LC|GO14052_LC|GO14065_LC|GO14066_SC|GO14049_SC
248817572, 156.318158, 11.10148, 10.362, GO14044_LC|GO14009_LC|GO14028_LC|GO14021_LC|GO14020_LC|GO14083_LC
