EPIC ID, RA (J2000) [deg], Dec (J2000) [deg], magnitude, Investigation IDs
248505415, 161.259479, 3.30668, 7.034, GO14010_LC|GO14081_LC|GO14063_LC|GO14028_LC|GO14021_LC|GO14901_LC|GO14010_SC|GO14081_SC
248514180, 160.656179, 3.583114, 6.512, GO14010_LC|GO14081_LC|GO14063_LC|GO14001_LC|GO14009_LC|GO14028_LC|GO14021_LC|GO14010_SC|GO14081_SC
248593082, 155.810888, 5.694259, 6.473, GO14010_LC|GO14081_LC|GO14063_LC|GO14001_LC|GO14028_LC|GO14021_LC|GO14010_SC|GO14081_SC
248778179, 157.297363, 10.155552, 7.077, GO14081_LC|GO14001_LC|GO14009_LC|GO14028_LC|GO14021_LC|GO14081_SC
248842300, 164.921208, 11.705868, 6.485, GO14010_LC|GO14081_LC|GO14063_LC|GO14001_LC|GO14028_LC|GO14021_LC|GO14901_LC|GO14010_SC|GO14081_SC
