EPIC ID, RA (J2000) [deg], Dec (J2000) [deg], magnitude, Investigation IDs
248540684, 160.850364, 4.301762, 8.387, GO14006_LC|GO14063_LC|GO14009_LC|GO14021_LC|GO14901_LC
248637970, 154.204846, 6.830052, 13.428, GO14006_LC|GO14021_LC
248640675, 155.600948, 6.897489, 12.433, GO14006_LC
248698745, 155.945157, 8.306316, 13.226, GO14006_LC|GO14021_LC
248739265, 162.807642, 9.224455, 7.742, GO14006_LC|GO14063_LC|GO14009_LC|GO14028_LC|GO14021_LC|GO14901_LC
248769093, 164.887735, 9.930792, 7.282, GO14006_LC|GO14001_LC|GO14021_LC
248802504, 160.423268, 10.739464, 8.568, GO14006_LC|GO14001_LC|GO14009_LC|GO14021_LC
