EPIC ID, RA (J2000) [deg], Dec (J2000) [deg], magnitude, Investigation IDs
248432941, 157.231462, 0.841006, 8.771, GO14025_LC|GO14014_LC|GO14068_LC|GO14056_LC|GO14030_LC|GO14063_LC|GO14031_LC|GO14028_LC|GO14065_LC
248637069, 162.716797, 6.808119, 10.436, GO14025_LC|GO14014_LC|GO14068_LC|GO14056_LC|GO14030_LC|GO14063_LC|GO14001_LC|GO14031_LC|GO14009_LC|GO14052_LC|GO14005_LC|GO14901_LC
248660770, 164.128326, 7.388474, 7.204, GO14025_LC|GO14068_LC|GO14030_LC|GO14063_LC|GO14031_LC|GO14021_LC|GO14901_LC
