EPIC ID, RA (J2000) [deg], Dec (J2000) [deg], magnitude, Investigation IDs
201535046, 163.117447, 1.062752, 14.439, GO14016_LC|GO14096_LC|GO14089_LC|GO14080_LC|GO14096_SC|GO14080_SC
248411044, 162.511777, -0.010237, 13.555, GO14096_LC|GO14051_LC|GO14089_LC|GO14080_LC|GO14099_LC|GO14096_SC|GO14051_SC|GO14080_SC
248422838, 158.803172, 0.458058, 16.272, GO14016_LC|GO14096_LC|GO14089_LC|GO14080_LC|GO14080_SC
248588851, 155.836676, 5.57942, 16.331, GO14016_LC|GO14096_LC|GO14051_LC|GO14089_LC|GO14080_LC|GO14046_LC|GO14051_SC|GO14080_SC
248748173, 158.957034, 9.431051, 16.378, GO14016_LC|GO14096_LC|GO14051_LC|GO14089_LC|GO14080_LC|GO14065_LC|GO14051_SC|GO14080_SC
248761152, 161.912937, 9.740084, 17.093, GO14016_LC|GO14096_LC|GO14051_LC|GO14089_LC|GO14080_LC|GO14051_SC|GO14080_SC
