EPIC ID, RA (J2000) [deg], Dec (J2000) [deg], magnitude, Investigation IDs
249436087, 230.610614, -22.566916, 9.318, GO15070_LC|GO15009_LC|GO15052_LC|GO15021_LC
249490794, 226.608106, -21.852403, 8.967, GO15070_LC|GO15034_LC|GO15009_LC|GO15028_LC|GO15021_LC
249581326, 231.061977, -20.73203, 9.729, GO15070_LC|GO15006_LC|GO15009_LC|GO15028_LC|GO15004_LC|GO15021_LC
250036302, 234.547171, -15.046226, 10.365, GO15070_LC|GO15028_LC|GO15021_LC
