EPIC ID, RA (J2000) [deg], Dec (J2000) [deg], magnitude, Investigation IDs
249647239, 234.605653, -19.913182, 6.59, GO15081_LC|GO15063_LC|GO15001_LC|GO15028_LC|GO15021_LC|GO15081_SC
249799715, 237.467899, -17.901947, 6.79, GO15010_LC|GO15081_LC|GO15063_LC|GO15028_LC|GO15021_LC|GO15010_SC|GO15081_SC
249835410, 232.394764, -17.440942, 6.64, GO15007_LC|GO15081_LC|GO15063_LC|GO15001_LC|GO15021_LC|GO15007_SC|GO15081_SC
