EPIC ID, RA (J2000) [deg], Dec (J2000) [deg], magnitude, Investigation IDs
249126835, 234.432246, -26.597181, 12.932, GO15038_LC|GO15009_LC|GO15021_LC|GO15020_LC|GO15083_LC|GO15065_LC
249249722, 233.328804, -25.026951, 9.495, GO15044_LC|GO15087_LC|GO15038_LC|GO15065_LC
249322108, 231.190912, -24.071006, 12.087, GO15038_LC|GO15009_LC|GO15052_LC|GO15021_LC|GO15020_LC|GO15065_LC
249404087, 233.590876, -23.000846, 9.757, GO15001_LC|GO15044_LC|GO15038_LC|GO15009_LC|GO15028_LC|GO15021_LC|GO15065_LC|GO15044_SC
249603989, 232.917059, -20.454829, 12.736, GO15038_LC|GO15052_LC|GO15065_LC
249605033, 228.410354, -20.442284, 11.14, GO15038_LC|GO15009_LC|GO15028_LC|GO15004_LC|GO15021_LC|GO15065_LC
249767135, 234.305743, -18.335025, 8.285, GO15071_LC|GO15068_LC|GO15001_LC|GO15044_LC|GO15038_LC|GO15004_LC|GO15065_LC
