EPIC ID, RA (J2000) [deg], Dec (J2000) [deg], magnitude, Investigation IDs
250015127, 234.636719, -15.288537, 19.501, GO15066_LC|GO15019_LC|GO15032_LC
250105131, 233.971134, -14.220069, 13.678, GO15016_LC|GO15066_LC|GO15090_LC|GO15019_LC|GO15099_LC|GO15049_LC|GO15032_LC|GO15065_LC|GO15016_SC|GO15066_SC|GO15090_SC|GO15019_SC|GO15049_SC
251668185, 234.1884583, -14.4286, 22.906, GO15066_LC|GO15032_LC
