EPIC ID, RA (J2000) [deg], Dec (J2000) [deg], magnitude, Investigation IDs
204538608, 241.011812, -21.927819, 8.691, GO15041_LC|GO15063_LC|GO15001_LC|GO15044_LC|GO15009_LC|GO15021_LC|GO15065_LC|GO15044_SC
249249722, 233.328804, -25.026951, 9.495, GO15044_LC|GO15087_LC|GO15038_LC|GO15065_LC
249404087, 233.590876, -23.000846, 9.757, GO15001_LC|GO15044_LC|GO15038_LC|GO15009_LC|GO15028_LC|GO15021_LC|GO15065_LC|GO15044_SC
249767135, 234.305743, -18.335025, 8.285, GO15071_LC|GO15068_LC|GO15001_LC|GO15044_LC|GO15038_LC|GO15004_LC|GO15065_LC
