EPIC ID, RA (J2000) [deg], Dec (J2000) [deg], magnitude, Investigation IDs
249580651, 228.639683, -20.740532, 18.177, GO15040_LC
249798522, 237.810797, -17.917324, 19.017, GO15040_LC
249839402, 233.962638, -17.389416, 17.495, GO15040_LC
249905154, 235.511979, -16.575205, 17.981, GO15040_LC
