EPIC ID, RA (J2000) [deg], Dec (J2000) [deg], magnitude, Investigation IDs
204278916, 240.531567, -22.963025, 13.773, GO15043_LC|GO15023_LC|GO15052_LC|GO15065_LC|GO15901_LC
