EPIC ID, RA (J2000) [deg], Dec (J2000) [deg], magnitude, Investigation IDs
204407831, 239.950087, -22.454525, 15.604, GO15043_LC|GO15067_LC|GO15012_LC|GO15018_LC|GO15065_LC
204594600, 239.700552, -21.692745, 16.008, GO15043_LC|GO15012_LC|GO15018_LC|GO15023_LC
249343675, 230.77739, -23.797955, 15.562, GO15067_LC|GO15012_LC|GO15018_LC|GO15065_LC|GO15018_SC
249472713, 233.289076, -22.08526, 15.162, GO15012_LC|GO15018_LC
249639465, 226.865825, -20.011995, 13.206, GO15067_LC|GO15012_LC|GO15018_LC|GO15005_LC|GO15065_LC|GO15018_SC
249903099, 237.243085, -16.600517, 15.231, GO15067_LC|GO15012_LC|GO15018_LC|GO15065_LC|GO15018_SC
249914869, 226.948719, -16.460728, 14.172, GO15012_LC|GO15018_LC|GO15063_LC|GO15065_LC|GO15018_SC
