EPIC ID, RA (J2000) [deg], Dec (J2000) [deg], magnitude, Investigation IDs
249117921, 231.49376, -26.705785, 8.586, GO15030_LC|GO15063_LC|GO15009_LC|GO15028_LC|GO15021_LC|GO15065_LC
249619926, 235.826443, -20.258987, 12.243, GO15030_LC|GO15063_LC|GO15009_LC|GO15052_LC|GO15083_LC|GO15039_LC
249681555, 235.527255, -19.471754, 11.94, GO15014_LC|GO15030_LC|GO15063_LC|GO15005_LC|GO15065_LC
250111823, 234.244358, -14.133722, 11.507, GO15014_LC|GO15030_LC|GO15063_LC|GO15009_LC|GO15052_LC|GO15005_LC
