EPIC ID, RA (J2000) [deg], Dec (J2000) [deg], magnitude, Investigation IDs
249885753, 237.3072, -16.812378, 18.722, GO15016_LC|GO15046_LC|GO15062_LC|GO15902_LC|GO15062_SC|GO15902_SC
249931070, 237.201886, -16.273431, 18.425, GO15016_LC|GO15062_LC|GO15902_LC|GO15062_SC|GO15902_SC
251668171, 232.877284, -14.949972, 18.808, GO15016_LC|GO15902_LC|GO15902_SC
