EPIC ID, RA (J2000) [deg], Dec (J2000) [deg], magnitude, Investigation IDs
249249722, 233.328804, -25.026951, 9.495, GO15044_LC|GO15087_LC|GO15038_LC|GO15065_LC
