EPIC ID, RA (J2000) [deg], Dec (J2000) [deg], magnitude, Investigation IDs
204221263, 240.033579, -23.189288, 11.21, GO15011_LC|GO15025_LC|GO15101_LC|GO15015_LC|GO15013_LC|GO15009_LC|GO15028_LC|GO15021_LC|GO15011_SC|GO15101_SC|GO15015_SC|GO15013_SC|GO15009_SC
204281213, 239.653806, -22.954233, 9.964, GO15025_LC|GO15068_LC|GO15023_LC|GO15001_LC|GO15009_LC|GO15052_LC|GO15065_LC
204519031, 240.168979, -22.008951, 10.858, GO15025_LC|GO15043_LC|GO15068_LC|GO15023_LC|GO15052_LC|GO15065_LC
249914684, 227.554037, -16.462922, 9.164, GO15010_LC|GO15025_LC|GO15068_LC|GO15063_LC|GO15076_LC|GO15009_LC|GO15065_LC|GO15010_SC
249921958, 227.554533, -16.379407, 8.923, GO15010_LC|GO15025_LC|GO15068_LC|GO15063_LC|GO15001_LC|GO15076_LC|GO15009_LC|GO15065_LC|GO15010_SC
