EPIC ID, RA (J2000) [deg], Dec (J2000) [deg], magnitude, Investigation IDs
204197636, 239.262728, -23.280608, 13.468, GO15011_LC|GO15015_LC|GO15052_LC|GO15021_LC
204221263, 240.033579, -23.189288, 11.21, GO15011_LC|GO15025_LC|GO15101_LC|GO15015_LC|GO15013_LC|GO15009_LC|GO15028_LC|GO15021_LC|GO15011_SC|GO15101_SC|GO15015_SC|GO15013_SC|GO15009_SC
204262652, 240.727952, -23.025109, 13.801, GO15015_LC|GO15052_LC
204531595, 239.466655, -21.957015, 13.336, GO15015_LC|GO15052_LC|GO15021_LC
204533587, 238.776534, -21.948824, 12.24, GO15015_LC|GO15009_LC|GO15021_LC|GO15020_LC
204579445, 240.828357, -21.756069, 11.916, GO15011_LC|GO15101_LC|GO15015_LC|GO15009_LC|GO15021_LC|GO15101_SC|GO15015_SC
