EPIC ID, RA (J2000) [deg], Dec (J2000) [deg], magnitude, Investigation IDs
204069863, 238.749463, -23.788366, 9.171, GO15043_LC|GO15023_LC|GO15034_LC|GO15001_LC|GO15031_LC|GO15009_LC|GO15021_LC|GO15065_LC
