EPIC ID, RA (J2000) [deg], Dec (J2000) [deg], magnitude, Investigation IDs
204193529, 239.048803, -23.29675, 11.027, GO15011_LC|GO15009_LC|GO15052_LC|GO15021_LC|GO15065_LC
204197636, 239.262728, -23.280608, 13.468, GO15011_LC|GO15015_LC|GO15052_LC|GO15021_LC
204221263, 240.033579, -23.189288, 11.21, GO15011_LC|GO15025_LC|GO15101_LC|GO15015_LC|GO15013_LC|GO15009_LC|GO15028_LC|GO15021_LC|GO15011_SC|GO15101_SC|GO15015_SC|GO15013_SC|GO15009_SC
204321014, 239.472702, -22.795929, 12.426, GO15011_LC|GO15009_LC|GO15021_LC|GO15065_LC
204407880, 238.798385, -22.454353, 12.142, GO15011_LC|GO15009_LC|GO15004_LC|GO15021_LC|GO15065_LC
204531124, 240.214325, -21.958933, 12.141, GO15011_LC|GO15065_LC
204546592, 239.696812, -21.894829, 9.934, GO15011_LC|GO15052_LC|GO15004_LC
204579445, 240.828357, -21.756069, 11.916, GO15011_LC|GO15101_LC|GO15015_LC|GO15009_LC|GO15021_LC|GO15101_SC|GO15015_SC
