EPIC ID, RA (J2000) [deg], Dec (J2000) [deg], magnitude, Investigation IDs
249384590, 227.319218, -23.260239, 11.152, GO15100_LC|GO15052_LC|GO15020_LC
249824347, 233.91459, -17.582022, 11.891, GO15100_LC|GO15052_LC
249828628, 230.720709, -17.526073, 11.973, GO15100_LC|GO15009_LC|GO15021_LC|GO15083_LC
250046754, 233.827652, -14.924344, 13.012, GO15100_LC|GO15021_LC|GO15039_LC
