EPIC ID, RA (J2000) [deg], Dec (J2000) [deg], magnitude, Investigation IDs
204407831, 239.950087, -22.454525, 15.604, GO15043_LC|GO15067_LC|GO15012_LC|GO15018_LC|GO15065_LC
249343675, 230.77739, -23.797955, 15.562, GO15067_LC|GO15012_LC|GO15018_LC|GO15065_LC|GO15018_SC
249472709, 233.286812, -22.085278, 16.057, GO15067_LC
249639465, 226.865825, -20.011995, 13.206, GO15067_LC|GO15012_LC|GO15018_LC|GO15005_LC|GO15065_LC|GO15018_SC
249903099, 237.243085, -16.600517, 15.231, GO15067_LC|GO15012_LC|GO15018_LC|GO15065_LC|GO15018_SC
249914775, 226.945499, -16.461906, 17.15, GO15067_LC
250097939, 233.739292, -14.311418, 17.338, GO15067_LC
