EPIC ID, RA (J2000) [deg], Dec (J2000) [deg], magnitude, Investigation IDs
211817361, 130.402251, 17.561965, 13.595, GO16005_LC|GO16052_LC|GO16056_LC|GO16082_LC|GO16082_SC
211828663, 131.306598, 17.724019, 12.994, GO16052_LC|GO16056_LC|GO16082_LC|GO16082_SC
211877371, 130.12574, 18.398743, 17.399, GO16082_LC|GO16082_SC
