EPIC ID, RA (J2000) [deg], Dec (J2000) [deg], magnitude, Investigation IDs
212090371, 135.097968, 21.834477, 11.981, GO16005_LC|GO16018_LC|GO16030_LC|GO16052_LC|GO16056_LC|GO16063_LC|GO16072_LC|GO16072_SC
