EPIC ID, RA (J2000) [deg], Dec (J2000) [deg], magnitude, Investigation IDs
251344942, 140.345161, 20.649192, 19.373, GO16019_LC|GO16032_LC|GO16049_LC|GO16066_LC|GO16019_SC|GO16049_SC|GO16066_SC
251809242, , , , GO16032_LC|GO16066_LC
