EPIC ID, RA (J2000) [deg], Dec (J2000) [deg], magnitude, Investigation IDs
211906940, 137.460622, 18.829815, 16.368, GO16019_LC|GO16044_LC|GO16049_LC|GO16065_LC|GO16066_LC|GO16019_SC|GO16049_SC|GO16066_SC
211920612, 130.9839, 19.034175, 8.433, GO16001_LC|GO16009_LC|GO16021_LC|GO16038_LC|GO16044_LC|GO16065_LC|GO16038_SC
251337810, 139.018481, 20.073165, 8.743, GO16021_LC|GO16028_LC|GO16044_LC|GO16058_LC|GO16044_SC
