EPIC ID, RA (J2000) [deg], Dec (J2000) [deg], magnitude, Investigation IDs
211433013, 137.605977, 12.140855, 14.017, GO16016_LC|GO16065_LC|GO16080_LC|GO16089_LC|GO16096_LC|GO16099_LC|GO16080_SC
211495446, 130.432738, 13.074995, 14.03, GO16016_LC|GO16051_LC|GO16080_LC|GO16089_LC|GO16096_LC|GO16099_LC|GO16051_SC|GO16080_SC
211941698, 133.083414, 19.350775, 9.327, GO16056_LC|GO16099_LC
