EPIC ID, RA (J2000) [deg], Dec (J2000) [deg], magnitude, Investigation IDs
200200727, , , , GO16021|GO16028|GO16063|GO16081|HD_76333-SC-BRIGHT_STAR_DISC
200200728, , , , GO16003|GO16081|45_CANCRI-SC-BRIGHT_STAR_DISC
211658473, 132.756096, 15.350656, 6.232, GO16010_LC|GO16021_LC|GO16028_LC|GO16063_LC|GO16068_LC|GO16081_LC
212178066, 129.689671, 23.685905, 6.793, GO16009_LC|GO16010_LC|GO16021_LC|GO16028_LC|GO16063_LC|GO16068_LC|GO16081_LC
212205146, 134.056329, 24.447755, 6.708, GO16021_LC|GO16028_LC|GO16063_LC|GO16081_LC
