EPIC ID, RA (J2000) [deg], Dec (J2000) [deg], magnitude, Investigation IDs
211496134, 130.816242, 13.085014, 19.404, GO16078_LC|GO16079_LC|GO16095_LC
211505275, 131.666504, 13.213676, 14.042, GO16078_LC|GO16079_LC|GO16095_LC
212069341, 137.072772, 21.443343, 12.49, GO16009_LC|GO16078_LC|GO16079_LC|GO16095_LC
251403706, 136.225244, 25.00392, 17.406, GO16078_LC|GO16079_LC
