EPIC ID, RA (J2000) [deg], Dec (J2000) [deg], magnitude, Investigation IDs
212110888, 127.57877, 22.235908, 11.441, GO16009_LC|GO16010_LC|GO16011_LC|GO16013_LC|GO16015_LC|GO16028_LC|GO16077_LC|GO16101_LC|GO16902_LC|GO16010_SC|GO16013_SC|GO16015_SC|GO16101_SC
