EPIC ID, RA (J2000) [deg], Dec (J2000) [deg], magnitude, Investigation IDs
211400445, 134.269524, 11.646989, 9.801, GO16005_LC|GO16009_LC|GO16014_LC|GO16030_LC|GO16037_LC|GO16052_LC|GO16056_LC|GO16063_LC|GO16065_LC
211414619, 137.203474, 11.861469, 14.02, GO16030_LC|GO16052_LC|GO16056_LC
211857745, 132.932483, 18.124967, 10.687, GO16005_LC|GO16009_LC|GO16014_LC|GO16030_LC|GO16052_LC|GO16056_LC|GO16063_LC|GO16083_LC
211864396, 131.188865, 18.218409, 11.886, GO16009_LC|GO16014_LC|GO16030_LC|GO16052_LC|GO16056_LC
211877657, 130.123962, 18.40255, 12.673, GO16005_LC|GO16012_LC|GO16018_LC|GO16030_LC|GO16052_LC|GO16063_LC
212017602, 134.659086, 20.546748, 9.036, GO16009_LC|GO16025_LC|GO16030_LC|GO16037_LC|GO16063_LC|GO16068_LC|GO16037_SC
212090371, 135.097968, 21.834477, 11.981, GO16005_LC|GO16018_LC|GO16030_LC|GO16052_LC|GO16056_LC|GO16063_LC|GO16072_LC|GO16072_SC
251338485, 139.281065, 20.13169, 13.446, GO16030_LC|GO16052_LC
251359903, 139.834211, 21.909021, 14.533, GO16030_LC|GO16052_LC
