EPIC ID, RA (J2000) [deg], Dec (J2000) [deg], magnitude, Investigation IDs
211395494, 136.239922, 11.572482, 8.861, GO16009_LC|GO16010_LC|GO16021_LC|GO16025_LC|GO16028_LC|GO16063_LC|GO16068_LC
211487634, 129.815845, 12.960373, 8.487, GO16004_LC|GO16009_LC|GO16021_LC|GO16025_LC|GO16037_LC|GO16063_LC|GO16068_LC|GO16077_LC|GO16902_LC|GO16037_SC
211506655, 133.099756, 13.233436, 9.244, GO16004_LC|GO16010_LC|GO16025_LC|GO16037_LC|GO16052_LC|GO16063_LC|GO16068_LC|GO16077_LC|GO16010_SC|GO16037_SC
211811597, 134.191623, 17.48135, 7.48, GO16004_LC|GO16010_LC|GO16025_LC|GO16037_LC|GO16052_LC|GO16063_LC|GO16068_LC|GO16010_SC|GO16037_SC
211945201, 136.573975, 19.402252, 10.115, GO16009_LC|GO16011_LC|GO16015_LC|GO16021_LC|GO16025_LC|GO16028_LC|GO16077_LC|GO16015_SC
212017602, 134.659086, 20.546748, 9.036, GO16009_LC|GO16025_LC|GO16030_LC|GO16037_LC|GO16063_LC|GO16068_LC|GO16037_SC
212053807, 134.732211, 21.166286, 8.275, GO16009_LC|GO16010_LC|GO16021_LC|GO16025_LC|GO16028_LC|GO16034_LC|GO16037_LC|GO16063_LC|GO16068_LC|GO16010_SC|GO16037_SC
