EPIC ID, RA (J2000) [deg], Dec (J2000) [deg], magnitude, Investigation IDs
211403356, 132.486754, 11.692479, 9.72, GO16031_LC|GO16052_LC|GO16064_LC|GO16077_LC|GO16902_LC
211487634, 129.815845, 12.960373, 8.487, GO16004_LC|GO16009_LC|GO16021_LC|GO16025_LC|GO16037_LC|GO16063_LC|GO16068_LC|GO16077_LC|GO16902_LC|GO16037_SC
211822797, 130.410365, 17.640005, 14.568, GO16011_LC|GO16015_LC|GO16022_LC|GO16031_LC|GO16052_LC|GO16060_LC|GO16075_LC|GO16101_LC|GO16902_LC|GO16015_SC|GO16075_SC|GO16101_SC
211913977, 130.344085, 18.933875, 12.619, GO16009_LC|GO16011_LC|GO16015_LC|GO16020_LC|GO16021_LC|GO16022_LC|GO16031_LC|GO16052_LC|GO16060_LC|GO16075_LC|GO16101_LC|GO16902_LC|GO16015_SC|GO16075_SC|GO16101_SC
211936827, 130.54791, 19.277002, 11.9, GO16009_LC|GO16020_LC|GO16021_LC|GO16022_LC|GO16031_LC|GO16060_LC|GO16077_LC|GO16902_LC
211969807, 129.636756, 19.773829, 15.149, GO16011_LC|GO16015_LC|GO16022_LC|GO16031_LC|GO16052_LC|GO16060_LC|GO16075_LC|GO16077_LC|GO16902_LC|GO16011_SC|GO16015_SC|GO16075_SC
211970147, 130.056046, 19.77881, 12.872, GO16009_LC|GO16015_LC|GO16020_LC|GO16021_LC|GO16022_LC|GO16031_LC|GO16052_LC|GO16060_LC|GO16075_LC|GO16101_LC|GO16902_LC|GO16015_SC|GO16075_SC|GO16101_SC
212110888, 127.57877, 22.235908, 11.441, GO16009_LC|GO16010_LC|GO16011_LC|GO16013_LC|GO16015_LC|GO16028_LC|GO16077_LC|GO16101_LC|GO16902_LC|GO16010_SC|GO16013_SC|GO16015_SC|GO16101_SC
