EPIC ID, RA (J2000) [deg], Dec (J2000) [deg], magnitude, Investigation IDs
211504760, 130.198279, 13.206547, 18.264, GO16008_LC|GO16027_LC|GO16040_LC|GO16088_LC|GO16103_LC
211524375, 131.446658, 13.482847, 17.128, GO16008_LC|GO16040_LC|GO16088_LC|GO16904_LC
211559385, 132.834468, 13.972941, 18.969, GO16040_LC|GO16088_LC
211659924, 132.715788, 15.370892, 17.702, GO16008_LC|GO16040_LC|GO16071_LC|GO16088_LC|GO16904_LC
211852059, 129.87803, 18.046421, 17.046, GO16008_LC|GO16027_LC|GO16040_LC|GO16071_LC|GO16103_LC|GO16904_LC
212035517, 135.612127, 20.846145, 15.741, GO16027_LC|GO16040_LC|GO16071_LC|GO16103_LC
251362089, 138.103337, 22.085094, 19.151, GO16040_LC|GO16088_LC
251376444, 137.252583, 23.186932, 17.939, GO16008_LC|GO16027_LC|GO16040_LC|GO16103_LC|GO16904_LC
