EPIC ID, RA (J2000) [deg], Dec (J2000) [deg], magnitude, Investigation IDs
212421319, 203.4463196, -14.4334145, 16.407, GO17005_LC|GO17058_LC
212477236, 205.4957886, -13.2246008, 13.936, GO17027_LC|GO17047_LC|GO17049_LC|GO17058_LC|GO17068_LC|GO17901_LC|GO17047_SC
212684857, 208.3115692, -8.6307707, 12.666, GO17050_LC|GO17058_LC|GO17068_LC|GO17058_SC
212694013, 199.8143616, -8.4078312, 13.364, GO17027_LC|GO17047_LC|GO17058_LC|GO17068_LC|GO17901_LC|GO17047_SC
212820423, 205.4838715, -4.8947911, 11.95, GO17027_LC|GO17047_LC|GO17050_LC|GO17058_LC|GO17068_LC|GO17047_SC
