EPIC,RA,Dec,Kp,InvestigationIDs
211910450,129.20001,18.88281,8.97600,GO18011_LC|GO18030_LC|GO18039_LC|GO18049_LC|GO18902_LC|GO18902_SC
