EPIC,RA,Dec,Kp,InvestigationIDs
211392382,129.96164,11.52267,8.25000,GO18005_LC|GO18014_LC|GO18026_LC|GO18038_LC|GO18043_LC|GO18047_LC|GO18049_LC|GO18065_LC|GO18067_LC|GO18047_SC
211491918,123.64964,13.02283,8.74000,GO18014_LC|GO18026_LC|GO18038_LC|GO18043_LC|GO18049_LC|GO18052_LC|GO18065_LC|GO18067_LC|GO18052_SC
211566266,125.23054,14.07134,9.23100,GO18003_LC|GO18005_LC|GO18014_LC|GO18026_LC|GO18038_LC|GO18043_LC|GO18049_LC|GO18052_LC|GO18063_LC|GO18052_SC
211642294,129.28317,15.12931,10.78700,GO18001_LC|GO18014_LC|GO18038_LC|GO18052_LC|GO18063_LC|GO18065_LC|GO18068_LC|GO18052_SC
211886497,128.35468,18.52905,13.43000,GO18014_LC|GO18038_LC|GO18052_LC|GO18068_LC|GO18052_SC
211944676,127.90665,19.39432,9.90400,GO18001_LC|GO18014_LC|GO18054_LC|GO18063_LC
211944856,127.90593,19.39702,11.01800,GO18001_LC|GO18005_LC|GO18014_LC|GO18015_LC|GO18038_LC|GO18052_LC|GO18054_LC|GO18063_LC|GO18065_LC|GO18015_SC|GO18052_SC
211992989,127.05265,20.13915,12.79600,GO18001_LC|GO18014_LC|GO18038_LC|GO18052_LC|GO18063_LC|GO18065_LC|GO18068_LC|GO18052_SC
