EPIC,rafloat,decfloat,Kp,InvestigationIDs
246199087,346.62200,-5.04127,12.91700,GO19006_LC|GO19021_LC|GO19025_LC|GO19027_LC|GO19038_LC|GO19052_LC|GO19057_LC|GO19063_LC|GO19068_LC|GO19901_LC|GO19006_SC|GO19021_SC|GO19027_SC|GO19052_SC|GO19057_SC
