EPIC,rafloat,decfloat,Kp,InvestigationIDs
246315887,352.93723,-2.74428,13.04400,GO19015_LC|GO19038_LC|GO19052_LC|GO19053_LC|GO19063_LC|GO19064_LC|GO19068_LC|GO19901_LC|GO19015_SC|GO19052_SC|GO19064_SC
