EPIC,rafloat,decfloat,Kp,InvestigationIDs
246327456,354.48892,-2.51602,18.31800,GO19010_LC|GO19020_LC|GO19044_LC
251721269,341.87580,0.00176,17.11000,GO19010_LC|GO19020_LC
