EPIC ID,RA (J2000) [deg],Dec (J2000) [deg],magnitude,Investigation IDs
203598787, 245.291011, -25.592513, 8.429,GO2020_LC|GO2054_LC|GO2099_LC|GO2104_LC
204165788, 246.396176, -23.405213, 7.281,GO2020_LC|GO2052_LC|GO2054_LC|GO2080_LC|GO2099_LC|GO2104_LC
204399980, 243.2983, -22.485181, 8.822,GO2023_SC|GO2021_SC|GO2020_LC|GO2032_LC|GO2049_LC|GO2051_LC|GO2052_LC|GO2067_LC|GO2081_LC|GO2092_LC|GO2099_LC
204951022, 245.126085, -20.117704, 7.568,GO2012_LC|GO2054_LC|GO2080_LC|GO2099_LC|GO2104_LC
204951731, 245.127353, -20.114437, 8.272,GO2023_SC|GO2006_LC|GO2049_LC|GO2052_LC|GO2054_LC|GO2071_LC|GO2080_LC|GO2099_LC|GO2104_LC
