EPIC ID, RA (J2000) [deg], Dec (J2000) [deg], magnitude, Investigation IDs
204819556, 245.477779, -20.719208, 11.87, GO2020_LC|GO2052_LC|GO2056_LC|GO2013_SC
205204563, 243.174069, -18.875497, 10.307, GO2011_LC|GO2069_LC|GO2071_LC|GO2073_LC|GO2092_LC|GO2106_LC|GO2107_LC|GO2109_LC|GO2113_LC|GO2013_SC
205467732, 246.700601, -17.392841, 12.928, GO2001_LC|GO2070_LC|GO2114_LC|GO2011_SC|GO2013_SC
