EPIC ID,RA (J2000) [deg],Dec (J2000) [deg],magnitude,Investigation IDs
202685083, 244.071894, -28.745143, 11.452,GO2049_LC|GO2054_LC|GO2067_LC|GO2081_LC|GO2104_LC
204399980, 243.2983, -22.485181, 8.822,GO2023_SC|GO2021_SC|GO2020_LC|GO2032_LC|GO2049_LC|GO2051_LC|GO2052_LC|GO2067_LC|GO2081_LC|GO2092_LC|GO2099_LC
205506785, 242.07089, -17.134808, 8.388,GO2049_LC|GO2067_LC|GO2081_LC|GO2086_LC
