EPIC ID,RA (J2000) [deg],Dec (J2000) [deg],magnitude,Investigation IDs
203926458, 244.242198, -24.385328, 11.246,GO2054_LC|GO2077_LC|GO2081_LC|GO2104_LC
204226766, 240.746308, -23.167962, 10.469,GO2077_SC|GO2081_LC|GO2104_LC
204595607, 246.350453, -21.688531, 9.096,GO2023_SC|GO2077_SC|GO2052_LC|GO2054_LC|GO2072_LC|GO2081_LC|GO2104_LC
205089975, 239.66768, -19.453775, 11.811,GO2077_SC|GO2054_LC|GO2081_LC|GO2104_LC
205683433, 247.938989, -15.816163, 11.307,GO2054_LC|GO2077_LC|GO2104_LC
