EPIC ID,RA (J2000) [deg],Dec (J2000) [deg],magnitude,Investigation IDs
202717132, 243.812412, -28.62559, 12.944,GO2014_SC|GO2059_SC|GO2008_SC|GO2105_SC|GO2017_LC|GO2049_LC
205389468, 245.628328, -17.878653, 18.353,GO2007_SC|GO2105_SC|GO2059_SC|GO2014_LC|GO2017_LC|GO2049_LC
210282492, 244.24166, -24.94638, 17.8,GO2014_LC
210282493, 238.95615, -23.28408, 17.1,GO2014_LC
