EPIC ID, RA (J2000) [deg], Dec (J2000) [deg], magnitude, Investigation IDs
202899888, 250.044048, -27.959412, 18.351, GO2083_LC
205189451, 250.974093, -18.953311, 15.433, GO2083_LC
205465931, 244.6546, -17.404263, 17.957, GO2083_LC
210282533, 247.1025, -20.38556, 18.8, GO2083_LC
