EPIC ID,RA (J2000) [deg],Dec (J2000) [deg],magnitude,Investigation IDs
203947410, 246.513736, -24.296418, 12.348,GO2049_LC|GO2052_LC|GO2074_LC|GO2085_LC
204160652, 245.694988, -23.425773, 9.809,GO2006_LC|GO2011_LC|GO2049_LC|GO2052_LC|GO2074_LC
204347304, 240.543557, -22.691195, 10.847,GO2006_LC|GO2020_LC|GO2047_LC|GO2049_LC|GO2051_LC|GO2052_LC|GO2074_LC|GO2092_LC
204406748, 240.271623, -22.458661, 12.667,GO2006_LC|GO2011_LC|GO2020_LC|GO2047_LC|GO2049_LC|GO2051_LC|GO2052_LC|GO2069_LC|GO2074_LC
205157937, 242.996968, -19.114821, 11.124,GO2020_LC|GO2052_LC|GO2074_LC|GO2092_LC
205249328, 242.880607, -18.640545, 11.734,GO2006_LC|GO2020_LC|GO2049_LC|GO2052_LC|GO2056_LC|GO2074_LC|GO2092_LC
