EPIC ID,RA (J2000) [deg],Dec (J2000) [deg],magnitude,Investigation IDs
203806838, 246.902548, -24.860025, 18.526,GO2044_SC|GO2045_LC|GO2114_LC
204120066, 242.127038, -23.58638, 16.33,GO2044_SC|GO2010_LC|GO2045_LC|GO2047_LC|GO2085_LC|GO2092_LC|GO2114_LC
204179868, 241.811588, -23.350307, 18.307,GO2044_SC|GO2045_LC|GO2085_LC|GO2092_LC
204371512, 242.197685, -22.596609, 17.325,GO2044_SC|GO2010_LC|GO2045_LC|GO2047_LC|GO2085_LC|GO2092_LC|GO2114_LC
204385932, 242.076817, -22.54023, 17.669,GO2044_SC|GO2010_LC|GO2045_LC|GO2085_LC|GO2092_LC|GO2114_LC
205529382, 246.369183, -16.980818, 15.007,GO2044_SC|GO2045_LC|GO2047_LC|GO2052_LC|GO2092_LC|GO2114_LC
