EPIC ID, RA (J2000) [deg], Dec (J2000) [deg], magnitude, Investigation IDs
202982225, 245.840193, -27.669538, 12.302, GO2022_LC|GO2049_LC|GO2051_LC
204471211, 243.873475, -22.204314, 15.268, GO2022_LC
