EPIC ID,RA (J2000) [deg],Dec (J2000) [deg],magnitude,Investigation IDs
203351697, 246.281017, -26.428907, 12.941,GO2039_LC|GO2054_LC|GO2068_LC|GO2104_LC
203356808, 245.640145, -26.412952, 13.465,GO2039_LC|GO2068_LC
203366549, 246.020216, -26.380786, 13.927,GO2054_LC|GO2068_LC
203369778, 246.008262, -26.370298, 13.077,GO2039_LC|GO2054_LC|GO2068_LC
203372256, 245.523111, -26.361977, 13.143,GO2039_LC|GO2054_LC|GO2068_LC
203372915, 245.992641, -26.359752, 13.092,GO2039_LC|GO2054_LC|GO2068_LC
203376043, 246.138851, -26.349437, 12.719,GO2039_LC|GO2054_LC|GO2068_LC|GO2104_LC
