EPIC ID, RA (J2000) [deg], Dec (J2000) [deg], magnitude, Investigation IDs
202571062, 246.008491, -29.179117, 9.411, GO2001_LC|GO2031_LC|GO2041_LC|GO2049_LC|GO2070_LC|GO2073_LC|GO2091_LC|GO2107_LC|GO2109_LC|GO2114_LC
202862302, 249.220226, -28.092849, 12.926, GO2041_LC|GO2049_LC|GO2051_LC
204121113, 242.494287, -23.582196, 12.341, GO2041_LC|GO2063_LC
204264833, 245.782427, -23.016551, 11.322, GO2003_LC|GO2020_LC|GO2041_LC|GO2047_LC|GO2049_LC|GO2051_LC|GO2052_LC|GO2056_LC
204894575, 240.724845, -20.380001, 11.781, GO2006_LC|GO2020_LC|GO2041_LC|GO2047_LC|GO2049_LC|GO2051_LC|GO2052_LC|GO2092_LC
205023358, 238.777925, -19.77537, 11.563, GO2041_LC|GO2049_LC
205546706, 242.812075, -16.861152, 12.769, GO2041_LC|GO2049_LC|GO2051_LC
