EPIC ID, RA (J2000) [deg], Dec (J2000) [deg], magnitude, Investigation IDs
204407880, 238.798385, -22.454353, 12.142, GO2034_LC|GO2054_LC|GO2104_LC
204506777, 241.824105, -22.060157, 8.752, GO2020_LC|GO2021_LC|GO2034_LC|GO2049_LC|GO2052_LC|GO2086_LC|GO2092_LC|GO2023_SC
