EPIC,RA,Dec,Kp,InvestigationIDs
247590385, 72.221231, 22.890309, 12.007, GO20018_LC|GO20027_LC|GO20908_LC
