EPIC ID,RA (J2000) [deg],Dec (J2000) [deg],magnitude,Investigation IDs
203867975, 246.75973, -24.624231, 15.52,GO2032_LC|GO2049_LC|GO2051_LC|GO2052_LC
204399980, 243.2983, -22.485181, 8.822,GO2023_SC|GO2021_SC|GO2020_LC|GO2032_LC|GO2049_LC|GO2051_LC|GO2052_LC|GO2067_LC|GO2081_LC|GO2092_LC|GO2099_LC
204514548, 239.166756, -22.027779, 9.053,GO2032_SC|GO2052_LC|GO2081_LC|GO2092_LC|GO2100_LC
