EPIC ID,RA (J2000) [deg],Dec (J2000) [deg],magnitude,Investigation IDs
203705962, 242.709288, -25.221123, 15.141,GO2087_LC|GO2111_LC
204309340, 248.852006, -22.842428, 17.42,GO2049_LC|GO2087_LC
204309679, 248.851171, -22.841108, 17.612,GO2087_LC
