EPIC ID,RA (J2000) [deg],Dec (J2000) [deg],magnitude,Investigation IDs
203846654, 245.781834, -24.709783, 9.451,GO2001_LC|GO2031_LC|GO2049_LC|GO2070_LC|GO2073_LC|GO2107_LC|GO2113_LC|GO2114_LC
204536344, 246.304186, -21.937365, 9.716,GO2001_LC|GO2031_LC|GO2054_LC|GO2070_LC|GO2073_LC|GO2104_LC|GO2107_LC|GO2113_LC|GO2114_LC
205204563, 243.174069, -18.875497, 10.307,GO2013_SC|GO2011_LC|GO2069_LC|GO2071_LC|GO2073_LC|GO2092_LC|GO2106_LC|GO2107_LC|GO2109_LC|GO2113_LC
