EPIC ID, RA (J2000) [deg], Dec (J2000) [deg], magnitude, Investigation IDs
203636845, 246.445363, -25.460567, 18.352, GO2112_LC|GO2061_LC
204497946, 242.395546, -22.096272, 18.465, GO2112_LC
204832426, 241.987226, -20.661798, 17.373, GO2112_LC
205353724, 251.148914, -18.075693, 17.475, GO2004_LC|GO2112_LC
205425787, 246.424706, -17.660751, 18.721, GO2112_LC
