EPIC ID, RA (J2000) [deg], Dec (J2000) [deg], magnitude, Investigation IDs
205919993, 336.744613, -17.424451, 10.14, GO3104_LC|GO3034_LC|GO3054_LC|GO3051_LC|GO3086_LC|GO3073_LC
206135267, 333.294781, -11.177358, 9.225, GO3104_LC|GO3034_LC|GO3072_LC|GO3054_LC|GO3051_LC|GO3081_LC
206226010, 330.941594, -9.347922, 12.96, GO3104_LC|GO3034_LC|GO3054_LC
206500801, 334.492238, -4.864619, 12.187, GO3104_LC|GO3034_LC|GO3054_LC|GO3081_LC
