EPIC ID, RA (J2000) [deg], Dec (J2000) [deg], magnitude, Investigation IDs
205919993, 336.744613, -17.424451, 10.14, GO3104_LC|GO3034_LC|GO3054_LC|GO3051_LC|GO3086_LC|GO3073_LC
206067769, 343.016183, -12.945461, 9.85, GO3104_LC|GO3081_LC|GO3086_LC
206143957, 333.188967, -10.951087, 11.823, GO3104_LC|GO3072_LC|GO3054_LC|GO3081_LC|GO3086_LC
206187484, 334.671503, -9.975561, 11.414, GO3104_LC|GO3086_LC
206260730, 331.253506, -8.827763, 11.909, GO3104_LC|GO3054_LC|GO3067_LC|GO3049_LC|GO3086_LC
