EPIC ID, RA (J2000) [deg], Dec (J2000) [deg], magnitude, Investigation IDs
206050032, 337.226671, -13.421627, 13.211, GO3044_SC|GO3013_SC|GO3051_LC|GO3049_LC|GO3045_LC|GO3107_LC|GO3073_LC|GO3070_LC
206053352, 333.711278, -13.333078, 14.785, GO3044_SC|GO3106_LC|GO3045_LC|GO3107_LC
206135809, 330.546894, -11.162809, 14.902, GO3044_SC|GO3051_LC|GO3049_LC|GO3045_LC|GO3107_LC
206169988, 343.118768, -10.319627, 18.583, GO3044_SC|GO3045_LC|GO3107_LC
