EPIC ID, RA (J2000) [deg], Dec (J2000) [deg], magnitude, Investigation IDs
206085353, 330.473064, -12.481063, 12.22, GO3077_SC|GO3104_LC|GO3080_LC
206308660, 337.512063, -8.107458, 13.041, GO3054_LC|GO3049_LC|GO3077_LC|GO3081_LC
