EPIC ID, RA (J2000) [deg], Dec (J2000) [deg], magnitude, Investigation IDs
205984543, 335.035681, -15.283189, 9.681, GO3104_LC|GO3081_LC|GO3012_LC
206145793, 337.922166, -10.90556, 6.391, GO3104_LC|GO3049_LC|GO3081_LC|GO3012_LC
