EPIC ID, RA (J2000) [deg], Dec (J2000) [deg], magnitude, Investigation IDs
205913009, 333.428504, -17.685671, 12.25, GO3114_LC|GO3031_LC|GO3011_LC|GO3051_LC|GO3001_LC|GO3073_LC|GO3070_LC
206019387, 343.319723, -14.2637, 9.131, GO3011_SC|GO3013_SC|GO3031_LC|GO3110_LC|GO3049_LC|GO3092_LC|GO3094_LC|GO3113_LC|GO3073_LC
206020189, 335.694035, -14.240475, 11.299, GO3106_LC|GO3011_LC|GO3089_LC
206082716, 329.728199, -12.549872, 13.676, GO3072_LC|GO3069_LC|GO3011_LC|GO3051_LC|GO3107_LC
206208968, 338.344414, -9.614927, 10.776, GO3114_LC|GO3069_LC|GO3031_LC|GO3011_LC|GO3051_LC|GO3016_LC|GO3092_LC|GO3001_LC|GO3107_LC|GO3089_LC|GO3073_LC|GO3070_LC
206262223, 334.327696, -8.805297, 12.033, GO3114_LC|GO3011_LC|GO3051_LC|GO3001_LC|GO3073_LC|GO3070_LC
206262336, 334.328946, -8.803457, 12.033, GO3011_SC|GO3013_SC|GO3114_LC|GO3051_LC|GO3049_LC|GO3001_LC|GO3073_LC|GO3070_LC
