EPIC ID, RA (J2000) [deg], Dec (J2000) [deg], magnitude, Investigation IDs
206011438, 333.074803, -14.496136, 15.086, GO3017_LC|GO3111_LC|GO3092_LC
206210269, 340.159863, -9.594785, 17.544, GO3005_LC|GO3017_LC|GO3111_LC|GO3049_LC
206292760, 334.480759, -8.351047, 13.442, GO3055_SC|GO3058_SC|GO3014_SC|GO3105_SC|GO3017_LC|GO3049_LC|GO3092_LC
212235341, 338.0589905, -16.1937904, 17.5, GO3014_LC|GO3017_LC
