EPIC ID, RA (J2000) [deg], Dec (J2000) [deg], magnitude, Investigation IDs
206496452, 336.446904, -4.950379, 17.012, GO3004_SC|GO3033_LC|GO3092_LC|GO3061_LC
212235332, 336.0328979, -11.4392004, 18.6, GO3061_LC
212235336, 337.2192078, -7.8962998, 18.4, GO3061_LC
212235340, 337.5637817, -13.4285803, 18.6, GO3061_LC
