EPIC ID, RA (J2000) [deg], Dec (J2000) [deg], magnitude, Investigation IDs
205963211, 341.162069, -15.941328, 9.54, GO3051_LC|GO3091_LC|GO3049_LC
206022188, 334.002649, -14.183975, 10.038, GO3051_LC|GO3091_LC
206028744, 336.267771, -13.998311, 8.694, GO3104_LC|GO3054_LC|GO3091_LC
206191911, 331.396577, -9.897307, 9.007, GO3091_LC|GO3054_LC
