EPIC ID, RA (J2000) [deg], Dec (J2000) [deg], magnitude, Investigation IDs
205924248, 336.762796, -17.263655, 7.722, GO3025_SC|GO3095_LC|GO3110_LC
205967173, 333.659249, -15.818531, 6.333, GO3023_SC|GO3104_LC|GO3106_LC|GO3054_LC|GO3110_LC|GO3050_LC
206019387, 343.319723, -14.2637, 9.131, GO3011_SC|GO3013_SC|GO3031_LC|GO3110_LC|GO3049_LC|GO3092_LC|GO3094_LC|GO3113_LC|GO3073_LC
206243152, 343.354736, -9.092789, 9.311, GO3104_LC|GO3054_LC|GO3110_LC|GO3049_LC|GO3073_LC
206445085, 333.69495, -5.886552, 8.462, GO3023_SC|GO3104_LC|GO3054_LC|GO3110_LC
