EPIC ID, RA (J2000) [deg], Dec (J2000) [deg], magnitude, Investigation IDs
206026652, 341.928206, -14.056428, 5.812, GO3104_LC|GO3054_LC|GO3101_LC|GO3049_LC|GO3092_LC|GO3080_LC
206120416, 332.656175, -11.564938, 5.588, GO3104_LC|GO3054_LC|GO3071_LC|GO3101_LC|GO3049_LC|GO3080_LC
206326769, 335.049651, -7.821101, 5.477, GO3104_LC|GO3054_LC|GO3101_LC|GO3049_LC|GO3080_LC
