EPIC ID, RA (J2000) [deg], Dec (J2000) [deg], magnitude, Investigation IDs
210315527, 58.349502, 11.200202, 18.838, GO4041_LC|GO4017_LC|GO4001_LC
210403895, 57.164901, 13.558093, 18.056, GO4041_LC|GO4017_LC|GO4001_LC|GO4003_LC
210484300, 64.559712, 15.143604, 18.983, GO4017_SC|GO4041_LC|GO4017_LC|GO4001_LC
210991241, 53.72185, 22.835346, 15.391, GO4041_LC|GO4017_LC|GO4003_LC
220115933, , , , GO4073_SC|GO4041_LC|GO4017_LC|GO4001_LC|GO4073_LC
