EPIC ID, RA (J2000) [deg], Dec (J2000) [deg], magnitude, Investigation IDs
210662654, 59.774641, 17.842916, 17.992, GO4077_SC|GO4077_LC|GO4049_LC
211025282, 62.910766, 23.372246, 18.125, GO4057_LC|GO4077_LC|GO4049_LC
