EPIC ID, RA (J2000) [deg], Dec (J2000) [deg], magnitude, Investigation IDs
210658027, 65.219772, 17.778184, 13.817, GO4020_LC|GO4057_LC|GO4076_LC|GO4097_LC|GO4011_LC|GO4090_LC|GO4092_LC
210777988, 65.497644, 19.535116, 9.609, GO4076_SC|GO4023_LC|GO4089_LC|GO4076_LC|GO4029_LC|GO4090_LC|GO4092_LC|GO4104_LC
210780789, 65.555513, 19.577566, 14.2, GO4076_LC|GO4090_LC|GO4092_LC|GO4015_LC
210929228, 61.378688, 21.852944, 14.089, GO4057_LC|GO4076_LC|GO4097_LC|GO4090_LC|GO4092_LC|GO4015_LC
210936710, 61.16405, 21.971816, 14.26, GO4020_LC|GO4057_LC|GO4023_LC|GO4076_LC|GO4097_LC|GO4090_LC|GO4092_LC|GO4015_LC
211106344, 58.009403, 24.663243, 11.659, GO4020_LC|GO4018_LC|GO4032_LC|GO4060_LC|GO4076_LC|GO4048_LC|GO4090_LC|GO4092_LC|GO4064_LC|GO4106_LC|GO4024_LC
211159865, 58.648171, 25.619768, 13.524, GO4020_LC|GO4076_LC|GO4090_LC|GO4092_LC|GO4015_LC
