EPIC ID, RA (J2000) [deg], Dec (J2000) [deg], magnitude, Investigation IDs
210455478, 63.606878, 14.625035, 8.57, GO4074_SC|GO4018_LC|GO4032_LC|GO4060_LC|GO4067_LC|GO4048_LC|GO4029_LC|GO4033_LC|GO4007_LC|GO4074_LC|GO4064_LC|GO4012_LC|GO4072_LC|GO4104_LC|GO4024_LC
210517342, 61.567198, 15.698118, 8.395, GO4074_SC|GO4018_LC|GO4032_LC|GO4067_LC|GO4048_LC|GO4033_LC|GO4007_LC|GO4074_LC|GO4012_LC|GO4072_LC|GO4104_LC|GO4024_LC
210675409, 66.448161, 18.017272, 8.774, GO4074_SC|GO4018_LC|GO4032_LC|GO4023_LC|GO4060_LC|GO4067_LC|GO4048_LC|GO4033_LC|GO4007_LC|GO4074_LC|GO4072_LC|GO4104_LC|GO4024_LC
210733938, 66.46553, 18.86406, 7.389, GO4018_LC|GO4032_LC|GO4023_LC|GO4067_LC|GO4048_LC|GO4033_LC|GO4007_LC|GO4072_LC|GO4104_LC|GO4024_LC
210786154, 65.84521, 19.658674, 9.184, GO4020_LC|GO4018_LC|GO4032_LC|GO4060_LC|GO4067_LC|GO4048_LC|GO4033_LC|GO4007_LC|GO4072_LC|GO4104_LC|GO4024_LC
211037886, 63.634651, 23.574944, 9.046, GO4074_SC|GO4018_LC|GO4032_LC|GO4067_LC|GO4048_LC|GO4033_LC|GO4007_LC|GO4074_LC|GO4095_LC|GO4012_LC|GO4072_LC|GO4104_LC|GO4024_LC
