EPIC ID, RA (J2000) [deg], Dec (J2000) [deg], magnitude, Investigation IDs
211014211, 60.236744, 23.201484, 7.025, GO4042_LC|GO4033_LC|GO4007_LC|GO4064_LC
211054599, 57.491891, 23.848694, 6.922, GO4042_LC|GO4018_LC|GO4057_LC|GO4033_LC|GO4007_LC|GO4064_LC
211088413, 57.340622, 24.380954, 6.713, GO4042_LC|GO4018_LC|GO4057_LC|GO4048_LC|GO4033_LC|GO4007_LC|GO4035_LC|GO4024_LC
211106023, 56.860574, 24.658456, 9.133, GO4042_LC|GO4064_LC
