EPIC ID, RA (J2000) [deg], Dec (J2000) [deg], magnitude, Investigation IDs
210662654, 59.774641, 17.842916, 17.992, GO4077_SC|GO4077_LC|GO4049_LC
210911018, 60.945504, 21.562553, 19.15, GO4049_LC
211025282, 62.910766, 23.372246, 18.125, GO4057_LC|GO4077_LC|GO4049_LC
220115897, , , , GO4049_LC
220115908, , , , GO4049_LC
220115910, , , , GO4049_LC
220115931, , , , GO4049_LC
220115945, , , , GO4049_LC
220115958, , , , GO4049_LC
