EPIC ID, RA (J2000) [deg], Dec (J2000) [deg], magnitude, Investigation IDs
210397302, 62.945424, 13.404626, 16.889, GO4038_LC|GO4056_LC
210398049, 55.873632, 13.421974, 17.915, GO4038_LC
210452310, 65.387879, 14.565078, 16.006, GO4038_LC
210467490, 55.038275, 14.846805, 17.371, GO4038_LC|GO4008_LC
210523272, 54.226842, 15.795964, 17.371, GO4038_LC
210552824, 56.107876, 16.258974, 17.426, GO4038_LC
210886049, 60.4382, 21.17465, 17.736, GO4038_LC
211006936, 63.18203, 23.084827, 17.829, GO4038_LC
211039300, 54.255875, 23.598322, 17.025, GO4038_LC
