EPIC ID, RA (J2000) [deg], Dec (J2000) [deg], magnitude, Investigation IDs
210822691, 55.30942, 20.214874, 11.885, GO4028_LC|GO4057_LC|GO4060_LC|GO4033_LC|GO4007_LC|GO4104_LC
211082420, 56.872724, 24.288344, 8.364, GO4028_LC|GO4018_LC|GO4057_LC|GO4048_LC|GO4033_LC|GO4007_LC|GO4045_LC|GO4035_LC|GO4024_LC
