EPIC ID, RA (J2000) [deg], Dec (J2000) [deg], magnitude, Investigation IDs
210586108, 52.427361, 16.762333, 8.436, GO4033_LC|GO4007_LC|GO4055_LC
210788932, 55.578946, 19.700256, 5.796, GO4079_LC|GO4033_LC|GO4007_LC|GO4055_LC
210964459, 63.213524, 22.413459, 6.195, GO4079_LC|GO4033_LC|GO4007_LC|GO4055_LC
