EPIC ID, RA (J2000) [deg], Dec (J2000) [deg], magnitude, Investigation IDs
210327027, 58.847376, 11.562141, 15.399, GO4036_SC|GO4036_LC|GO4030_LC|GO4081_LC
210522262, 61.781358, 15.779381, 16.935, GO4036_LC|GO4057_LC|GO4030_LC|GO4081_LC
210879793, 62.28961, 21.077606, 16.968, GO4036_LC|GO4057_LC|GO4030_LC|GO4081_LC
210998473, 58.924646, 22.950466, 17.615, GO4036_LC|GO4057_LC|GO4030_LC
211003775, 52.177733, 23.034775, 18.253, GO4036_LC|GO4030_LC|GO4081_LC
