EPIC ID, RA (J2000) [deg], Dec (J2000) [deg], magnitude, Investigation IDs
210731139, 51.113448, 18.821777, 16.366, GO4093_SC|GO4050_SC|GO4093_LC|GO4047_LC|GO4050_LC
210837690, 57.785182, 20.443708, 15.115, GO4093_SC|GO4093_LC
