EPIC ID, RA (J2000) [deg], Dec (J2000) [deg], magnitude, Investigation IDs
210969614, 61.292223, 22.496697, 11.206, GO4105_SC|GO4020_LC|GO4057_LC|GO4105_LC|GO4090_LC|GO4107_LC|GO4104_LC
211019716, 64.544948, 23.284653, 10.021, GO4105_SC|GO4020_LC|GO4018_LC|GO4057_LC|GO4032_LC|GO4089_LC|GO4048_LC|GO4105_LC|GO4095_LC|GO4064_LC|GO4104_LC|GO4037_LC|GO4024_LC
211041649, 62.984257, 23.636323, 9.254, GO4105_SC|GO4018_LC|GO4057_LC|GO4032_LC|GO4048_LC|GO4105_LC|GO4095_LC|GO4064_LC|GO4072_LC|GO4104_LC|GO4037_LC|GO4024_LC|GO4109_LC
211087059, 58.605179, 24.360078, 10.793, GO4105_SC|GO4020_LC|GO4060_LC|GO4029_LC|GO4105_LC|GO4090_LC|GO4033_LC|GO4007_LC|GO4104_LC|GO4037_LC|GO4082_LC
