EPIC ID, RA (J2000) [deg], Dec (J2000) [deg], magnitude, Investigation IDs
211495446, 130.432738, 13.074995, 14.03, GO5065_SC|GO5093_SC|GO5047_LC|GO5065_LC|GO5093_LC
211623711, 127.136982, 14.867364, 11.775, GO5065_SC|GO5065_LC
211779126, 134.205286, 17.020746, 12.925, GO5050_SC|GO5065_SC|GO5093_SC|GO5047_LC|GO5050_LC|GO5065_LC|GO5093_LC
211881419, 132.935287, 18.456246, 13.302, GO5065_LC
