EPIC ID, RA (J2000) [deg], Dec (J2000) [deg], magnitude, Investigation IDs
211396493, 132.741072, 11.58744, 14.043, GO5007_LC|GO5019_LC|GO5031_LC|GO5048_LC
211396846, 132.980207, 11.59264, 13.839, GO5007_LC|GO5019_LC|GO5031_LC
211397127, 132.779706, 11.596836, 14.153, GO5019_LC|GO5031_LC|GO5048_LC
211397319, 132.777248, 11.59971, 14.535, GO5019_LC|GO5031_LC|GO5048_LC
211400002, 132.783411, 11.640555, 14.455, GO5019_LC|GO5048_LC
211400106, 132.869216, 11.64209, 14.85, GO5019_LC|GO5048_LC
211400500, 132.84945, 11.647812, 14.501, GO5018_LC|GO5019_LC|GO5048_LC
211418176, 132.616886, 11.914045, 14.223, GO5007_LC|GO5018_LC|GO5019_LC|GO5031_LC|GO5048_LC
211422935, 132.839593, 11.984661, 13.386, GO5019_LC
