EPIC ID, RA (J2000) [deg], Dec (J2000) [deg], magnitude, Investigation IDs
211821115, 123.157546, 17.617061, 13.491, GO5003_LC|GO5017_LC|GO5041_LC
211923589, 133.877905, 19.077044, 16.542, GO5073_SC|GO5001_LC|GO5003_LC|GO5073_LC
212148813, 130.720983, 23.00707, 14.55, GO5073_SC|GO5001_LC|GO5003_LC|GO5017_LC|GO5041_LC|GO5073_LC
212173448, 129.892956, 23.569284, 16.726, GO5001_LC|GO5003_LC|GO5041_LC
