EPIC ID, RA (J2000) [deg], Dec (J2000) [deg], magnitude, Investigation IDs
211480655, 136.55852, 12.859502, 12.214, GO5002_SC|GO5002_LC|GO5006_LC|GO5020_LC|GO5029_LC|GO5081_LC|GO5097_LC
211642294, 129.28317, 15.129313, 10.787, GO5002_SC|GO4102_SC|GO5098_SC|GO5002_LC|GO5020_LC|GO5029_LC|GO5071_LC|GO5081_LC|GO4104_LC|GO5060_LC|GO4102_LC|GO5011_LC|GO4109_LC|GO5072_LC|GO5098_LC
211892034, 136.429034, 18.609377, 11.583, GO5002_SC|GO5002_LC|GO5006_LC|GO5020_LC|GO5029_LC|GO5081_LC|GO4104_LC|GO5060_LC|GO4109_LC
211945363, 134.314257, 19.404908, 12.349, GO5002_SC|GO5039_SC|GO5020_LC|GO5029_LC|GO5081_LC|GO5097_LC|GO5011_LC|GO4109_LC|GO5002_LC|GO5039_LC
212104761, 132.056146, 22.11404, 14.589, GO5002_SC|GO5002_LC|GO5006_LC|GO5020_LC|GO5097_LC|GO5011_LC
212144340, 129.122944, 22.912364, 14.722, GO5002_SC|GO5002_LC|GO5006_LC|GO5020_LC|GO5097_LC|GO5011_LC
