EPIC ID, RA (J2000) [deg], Dec (J2000) [deg], magnitude, Investigation IDs
211392382, 129.961633, 11.522669, 8.25, GO5007_LC|GO5033_LC|GO5057_LC|GO5071_LC|GO4104_LC|GO5023_LC|GO5060_LC|GO5072_LC|GO5098_LC
211491918, 123.649641, 13.022828, 8.74, GO5007_LC|GO5029_LC|GO5071_LC|GO4104_LC|GO5060_LC|GO4109_LC|GO5098_LC|GO5072_LC
211566266, 125.230541, 14.071338, 9.231, GO5007_LC|GO5029_LC|GO5057_LC|GO5071_LC|GO4104_LC|GO5060_LC|GO5098_LC|GO4109_LC|GO5072_LC
211642294, 129.28317, 15.129313, 10.787, GO5002_SC|GO4102_SC|GO5098_SC|GO5002_LC|GO5020_LC|GO5029_LC|GO5071_LC|GO5081_LC|GO4104_LC|GO5060_LC|GO4102_LC|GO5011_LC|GO4109_LC|GO5072_LC|GO5098_LC
211944670, 127.906521, 19.394282, 10.549, GO5057_LC|GO5071_LC|GO5097_LC|GO5023_LC|GO4109_LC|GO5098_LC|GO5064_LC
211944676, 127.906656, 19.394321, 9.904, GO5023_LC|GO5071_LC|GO5081_LC|GO5098_LC
