EPIC ID, RA (J2000) [deg], Dec (J2000) [deg], magnitude, Investigation IDs
211427165, 132.855432, 12.049022, 13.483, GO5020_LC|GO5031_LC|GO5037_LC|GO5057_LC
211768258, 134.065452, 16.864615, 14.951, GO5037_LC
211775229, 133.245578, 16.964288, 14.663, GO5007_LC|GO5020_LC|GO5037_LC
211832598, 132.077174, 17.778762, 15.899, GO5037_LC
212006725, 126.342652, 20.365768, 17.683, GO5004_LC|GO5018_LC|GO5024_LC|GO5026_LC|GO5037_LC|GO5048_LC|GO5081_LC
212141606, 134.285981, 22.854453, 15.971, GO5037_LC
