EPIC ID, RA (J2000) [deg], Dec (J2000) [deg], magnitude, Investigation IDs
211404031, 129.130784, 11.703562, 8.806, GO5079_LC
211712203, 123.748083, 16.07864, 7.431, GO5007_LC|GO5079_LC
211941698, 133.083414, 19.350775, 9.327, GO5079_LC
211996306, 126.4969, 20.193457, 8.656, GO5079_LC
