EPIC ID, RA (J2000) [deg], Dec (J2000) [deg], magnitude, Investigation IDs
211378898, 133.838262, 11.304186, 18.752, GO5077_SC|GO5049_LC|GO5057_LC|GO5077_LC
211481740, 131.112968, 12.875557, 14.112, GO5027_SC|GO5049_SC|GO5062_SC|GO5077_SC|GO5027_LC|GO5049_LC|GO5057_LC|GO5062_LC|GO5077_LC
211511906, 123.031814, 13.306796, 19.188, GO5077_SC|GO5049_LC|GO5057_LC|GO5077_LC
211617909, 135.306316, 14.784669, 16.185, GO5073_SC|GO5049_LC|GO5057_LC|GO5073_LC|GO5077_LC
211906940, 137.460622, 18.829815, 16.368, GO5027_SC|GO5049_SC|GO5077_SC|GO5027_LC|GO5049_LC|GO5077_LC
211931594, 123.236952, 19.199377, 16.2, GO5077_SC|GO5049_LC|GO5057_LC|GO5077_LC
228682495, 130.1089935, 22.0795803, 19.6, GO5077_LC|GO5049_LC
