EPIC ID, RA (J2000) [deg], Dec (J2000) [deg], magnitude, Investigation IDs
211546985, 123.377651, 13.801413, 11.776, GO5004_LC|GO5020_LC|GO5104_LC
211911323, 128.942876, 18.895758, 9.17, GO5004_LC|GO5029_LC
212006725, 126.342652, 20.365768, 17.683, GO5004_LC|GO5018_LC|GO5024_LC|GO5026_LC|GO5037_LC|GO5048_LC|GO5081_LC
