EPIC ID, RA (J2000) [deg], Dec (J2000) [deg], magnitude, Investigation IDs
211936827, 130.54791, 19.277002, 11.9, GO5058_SC|GO5007_LC|GO5012_LC|GO5018_LC|GO5024_LC|GO5029_LC|GO5032_LC|GO5033_LC|GO5048_LC|GO5058_LC|GO4104_LC|GO4106_LC|GO5060_LC|GO5095_LC
211998346, 130.432573, 20.226865, 10.352, GO5007_LC|GO5012_LC|GO5018_LC|GO5024_LC|GO5029_LC|GO5032_LC|GO5033_LC|GO5048_LC|GO5052_LC|GO5058_LC|GO4104_LC|GO5060_LC
