EPIC ID, RA (J2000) [deg], Dec (J2000) [deg], magnitude, Investigation IDs
211481740, 131.112968, 12.875557, 14.112, GO5027_SC|GO5049_SC|GO5062_SC|GO5077_SC|GO5027_LC|GO5049_LC|GO5057_LC|GO5062_LC|GO5077_LC
211906940, 137.460622, 18.829815, 16.368, GO5027_SC|GO5049_SC|GO5077_SC|GO5027_LC|GO5049_LC|GO5077_LC
