EPIC ID, RA (J2000) [deg], Dec (J2000) [deg], magnitude, Investigation IDs
211329075, 127.983268, 10.428261, 14.951, GO5036_SC|GO5039_SC|GO5036_LC|GO5039_LC
211730342, 130.407872, 16.329986, 8.424, GO5039_SC|GO5029_LC|GO5039_LC
211945363, 134.314257, 19.404908, 12.349, GO5002_SC|GO5039_SC|GO5020_LC|GO5029_LC|GO5081_LC|GO5097_LC|GO5011_LC|GO5109_LC|GO5002_LC|GO5039_LC
211957988, 127.103753, 19.595695, 9.161, GO5102_SC|GO5039_SC|GO5029_LC|GO5102_LC|GO5039_LC
211963497, 137.450931, 19.678574, 16.132, GO5036_SC|GO5039_SC|GO5036_LC|GO5081_LC|GO5030_LC|GO5039_LC
211970427, 129.791059, 19.783027, 15.071, GO5039_SC|GO5006_LC|GO5018_LC|GO5020_LC|GO5024_LC|GO5048_LC|GO5060_LC|GO5095_LC|GO5054_LC|GO5039_LC
212009427, 127.874459, 20.410422, 14.072, GO5039_SC|GO5007_LC|GO5018_LC|GO5020_LC|GO5024_LC|GO5032_LC|GO5048_LC|GO5039_LC|GO5095_LC
212029094, 129.825208, 20.739261, 15.416, GO5039_SC|GO5018_LC|GO5024_LC|GO5032_LC|GO5048_LC|GO5060_LC|GO5054_LC|GO5011_LC|GO5095_LC|GO5039_LC
