EPIC ID, RA (J2000) [deg], Dec (J2000) [deg], magnitude, Investigation IDs
211394018, 128.843611, 11.549424, 12.434, GO5020_LC|GO5066_LC
211584699, 123.204163, 14.331357, 9.124, GO5020_LC|GO5066_LC
211759736, 123.804031, 16.744854, 11.157, GO5020_LC|GO5066_LC|GO5104_LC
212146366, 126.542315, 22.954947, 8.81, GO5029_LC|GO5066_LC
