EPIC ID, RA (J2000) [deg], Dec (J2000) [deg], magnitude, Investigation IDs
212700993, 205.9101715, -8.2344065, 15.598, GO6038_LC|GO6040_LC|GO6048_LC|GO6059_LC|GO6038_SC|GO6048_SC|GO6059_SC
229227271, 201.37442, -8.33589, 14.3, GO6038_LC
229227272, 206.19707, -9.18844, 16.0, GO6038_LC
229227273, 207.00792, -9.29496, 16.0, GO6038_LC
