EPIC ID, RA (J2000) [deg], Dec (J2000) [deg], magnitude, Investigation IDs
212292519, 203.1922455, -17.7590752, 8.633, GO6030_LC|GO6033_LC|GO6040_LC|GO6078_LC|GO6087_LC|GO6033_SC
212442408, 198.3507385, -13.9657059, 11.778, GO6030_LC|GO6033_LC|GO6040_LC|GO6069_LC|GO6086_LC|GO6033_SC
212576383, 197.8225403, -11.1059008, 9.066, GO6016_LC|GO6030_LC|GO6033_LC|GO6074_LC|GO6033_SC
