EPIC ID, RA (J2000) [deg], Dec (J2000) [deg], magnitude, Investigation IDs
212323171, 201.5260773, -16.8584881, 6.341, GO6016_LC|GO6075_LC
212397473, 211.1124115, -14.9717054, 6.146, GO6016_LC|GO6075_LC
212703886, 210.0194855, -8.1616421, 6.373, GO6016_LC|GO6075_LC
212785873, 202.2615051, -5.9554958, 8.181, GO6032_LC|GO6075_LC|GO6084_LC
