EPIC ID, RA (J2000) [deg], Dec (J2000) [deg], magnitude, Investigation IDs
212287292, 204.8604736, -17.9181499, 14.796, GO6002_LC|GO6006_LC
212402103, 205.0480042, -14.8664322, 14.835, GO6002_LC|GO6006_LC|GO6008_LC
212411722, 209.3123932, -14.6480494, 14.21, GO6002_LC|GO6006_LC|GO6008_LC
212556566, 204.6703491, -11.5354939, 12.856, GO6052_SC|GO6002_LC|GO6008_LC|GO6032_LC|GO6052_LC|GO6060_LC
212681564, 202.5115662, -8.7071047, 11.824, GO6052_SC|GO6002_LC|GO6008_LC|GO6016_LC|GO6028_LC|GO6032_LC|GO6052_LC|GO6060_LC|GO6065_LC
212820594, 202.5096741, -4.8889508, 14.665, GO6006_SC|GO6002_LC|GO6006_LC|GO6008_LC|GO6037_LC
212826600, 203.1017761, -4.6868572, 13.755, GO6006_SC|GO6002_LC|GO6006_LC|GO6008_LC|GO6037_LC
229227142, , , , GO6002_LC
229227143, , , , GO6002_LC
