EPIC ID, RA (J2000) [deg], Dec (J2000) [deg], magnitude, Investigation IDs
212410755, 203.9728394, -14.6703053, 13.462, GO6047_SC|GO6047_LC|GO6058_LC|GO6083_LC
212498842, 199.7180328, -12.7583246, 15.262, GO6010_SC|GO6047_SC|GO6010_LC|GO6047_LC|GO6058_LC
212508753, 199.4135895, -12.5478592, 15.132, GO6010_SC|GO6047_SC|GO6010_LC|GO6040_LC|GO6047_LC|GO6058_LC
212567176, 198.0098114, -11.3041925, 17.646, GO6010_SC|GO6047_SC|GO6010_LC|GO6047_LC|GO6058_LC
212630158, 198.4048615, -9.9039898, 15.747, GO6047_SC|GO6047_LC|GO6058_LC
212707862, 208.9363556, -8.0651302, 15.548, GO6010_SC|GO6047_SC|GO6003_LC|GO6010_LC|GO6047_LC|GO6058_LC|GO6083_LC
