EPIC ID, RA (J2000) [deg], Dec (J2000) [deg], magnitude, Investigation IDs
212273934, 207.8897705, -18.3571434, 9.045, GO6030_LC|GO6055_LC
212351048, 201.6690826, -16.1045837, 10.039, GO6074_SC|GO6030_LC|GO6040_LC|GO6055_LC|GO6074_LC
212403671, 203.8919067, -14.8301258, 9.508, GO6030_LC|GO6055_LC
212479042, 200.6902008, -13.186511, 8.638, GO6030_LC|GO6055_LC|GO6078_LC
212558932, 199.341568, -11.4835281, 6.616, GO6016_LC|GO6030_LC|GO6055_LC
212628518, 210.4096375, -9.9401064, 8.613, GO6016_LC|GO6030_LC|GO6055_LC
