EPIC ID, RA (J2000) [deg], Dec (J2000) [deg], magnitude, Investigation IDs
212342534, 204.2468872, -16.3288383, 16.993, GO6001_LC|GO6003_LC|GO6028_LC|GO6045_LC|GO6050_LC|GO6063_LC|GO6071_LC|GO6083_LC|GO6045_SC
212657308, 208.3147583, -9.2759781, 14.616, GO6001_LC|GO6045_LC|GO6050_LC|GO6063_LC|GO6045_SC
212687157, 202.556839, -8.5748596, 12.422, GO6001_LC|GO6003_LC|GO6028_LC|GO6045_LC|GO6046_LC|GO6063_LC|GO6078_LC|GO6045_SC
212749589, 199.3268433, -6.9911919, 16.18, GO6001_LC|GO6003_LC|GO6050_LC|GO6063_LC|GO6083_LC
