EPIC ID, RA (J2000) [deg], Dec (J2000) [deg], magnitude, Investigation IDs
212570259, 208.1637726, -11.2390671, 14.113, GO6023_LC|GO6032_LC|GO6040_LC|GO6085_LC
212671638, 206.2605743, -8.9427681, 14.886, GO6023_LC|GO6040_LC
212691577, 212.1741943, -8.4677935, 16.108, GO6023_LC
212826279, 202.0500336, -4.6986179, 14.105, GO6023_LC|GO6032_LC
