EPIC ID, RA (J2000) [deg], Dec (J2000) [deg], magnitude, Investigation IDs
212285603, 206.4612885, -17.9682312, 10.668, GO6005_SC|GO6052_SC|GO6005_LC|GO6008_LC|GO6032_LC|GO6041_LC|GO6046_LC|GO6052_LC|GO6060_LC|GO6065_LC|GO6069_LC
212681564, 202.5115662, -8.7071047, 11.824, GO6052_SC|GO6002_LC|GO6008_LC|GO6016_LC|GO6028_LC|GO6032_LC|GO6052_LC|GO6060_LC|GO6065_LC
212776174, 204.7445526, -6.2368031, 10.03, GO6005_SC|GO6005_LC|GO6008_LC|GO6032_LC|GO6046_LC|GO6060_LC|GO6065_LC|GO6069_LC|GO6086_LC
212828608, 206.2722473, -4.6203408, 9.99, GO6008_LC|GO6030_LC|GO6032_LC|GO6041_LC|GO6046_LC|GO6057_LC|GO6065_LC|GO6069_LC|GO6078_LC|GO6086_LC
