EPIC ID, RA (J2000) [deg], Dec (J2000) [deg], magnitude, Investigation IDs
212591132, 207.0419006, -10.7887487, 8.644, GO6030_LC|GO6057_LC|GO6085_LC|GO6086_LC|GO6087_LC
212648649, 205.9242249, -9.4755878, 9.278, GO6030_LC|GO6032_LC|GO6057_LC|GO6069_LC|GO6078_LC|GO6086_LC|GO6087_LC
212667055, 211.2945404, -9.0485058, 8.533, GO6030_LC|GO6041_LC|GO6057_LC|GO6078_LC|GO6086_LC|GO6087_LC
212692562, 203.2971497, -8.4433479, 8.39, GO6030_LC|GO6039_LC|GO6057_LC|GO6086_LC|GO6087_LC|GO6039_SC
212828608, 206.2722473, -4.6203408, 9.99, GO6008_LC|GO6030_LC|GO6032_LC|GO6041_LC|GO6046_LC|GO6057_LC|GO6065_LC|GO6069_LC|GO6078_LC|GO6086_LC
