EPIC ID, RA (J2000) [deg], Dec (J2000) [deg], magnitude, Investigation IDs
212660794, 211.2226257, -9.1948051, 11.319, GO6024_LC|GO6032_LC
212742094, 203.2504578, -7.1947269, 10.88, GO6016_LC|GO6024_LC|GO6040_LC|GO6069_LC
