EPIC ID, RA (J2000) [deg], Dec (J2000) [deg], magnitude, Investigation IDs
212285198, 207.9879608, -17.9802876, 14.186, GO6008_LC|GO6032_LC|GO6046_LC
212285603, 206.4612885, -17.9682312, 10.668, GO6005_LC|GO6008_LC|GO6032_LC|GO6041_LC|GO6046_LC|GO6052_LC|GO6060_LC|GO6065_LC|GO6069_LC|GO6005_SC|GO6052_SC
212422696, 200.4753876, -14.4026976, 13.0, GO6008_LC|GO6032_LC|GO6046_LC|GO6060_LC|GO6069_LC
212518629, 199.1893158, -12.3389406, 12.46, GO6008_LC|GO6032_LC|GO6046_LC|GO6052_LC|GO6060_LC|GO6069_LC|GO6052_SC
212687157, 202.556839, -8.5748596, 12.422, GO6001_LC|GO6003_LC|GO6028_LC|GO6045_LC|GO6046_LC|GO6063_LC|GO6078_LC|GO6045_SC
212776174, 204.7445526, -6.2368031, 10.03, GO6005_LC|GO6008_LC|GO6032_LC|GO6046_LC|GO6060_LC|GO6065_LC|GO6069_LC|GO6086_LC|GO6005_SC
212828608, 206.2722473, -4.6203408, 9.99, GO6008_LC|GO6030_LC|GO6032_LC|GO6041_LC|GO6046_LC|GO6057_LC|GO6065_LC|GO6069_LC|GO6078_LC|GO6086_LC
