EPIC ID, RA (J2000) [deg], Dec (J2000) [deg], magnitude, Investigation IDs
212285603, 206.4612885, -17.9682312, 10.668, GO6005_LC|GO6008_LC|GO6032_LC|GO6041_LC|GO6046_LC|GO6052_LC|GO6060_LC|GO6065_LC|GO6069_LC|GO6005_SC|GO6052_SC
212300977, 203.7581024, -17.5035496, 11.738, GO6018_LC|GO6030_LC|GO6036_LC|GO6041_LC|GO6069_LC|GO6087_LC|GO6018_SC|GO6041_SC
212414696, 199.5563965, -14.582099, 9.576, GO6030_LC|GO6041_LC|GO6069_LC|GO6086_LC|GO6087_LC
212667055, 211.2945404, -9.0485058, 8.533, GO6030_LC|GO6041_LC|GO6057_LC|GO6078_LC|GO6086_LC|GO6087_LC
212756297, 207.6558685, -6.8040042, 13.009, GO6018_LC|GO6030_LC|GO6032_LC|GO6034_LC|GO6041_LC|GO6086_LC|GO6018_SC|GO6034_SC|GO6041_SC
212828608, 206.2722473, -4.6203408, 9.99, GO6008_LC|GO6030_LC|GO6032_LC|GO6041_LC|GO6046_LC|GO6057_LC|GO6065_LC|GO6069_LC|GO6078_LC|GO6086_LC
