EPIC ID, RA (J2000) [deg], Dec (J2000) [deg], magnitude, Investigation IDs
212286667, 206.1304474, -17.9370022, 7.666, GO6016_LC|GO6019_LC|GO6030_LC
212431975, 203.6187439, -14.1959496, 12.46, GO6019_LC
212447084, 200.5060577, -13.8646469, 10.323, GO6019_LC
212450527, 200.9409027, -13.7905874, 12.79, GO6019_LC
