EPIC ID, RA (J2000) [deg], Dec (J2000) [deg], magnitude, Investigation IDs
212351048, 201.6690826, -16.1045837, 10.039, GO6030_LC|GO6040_LC|GO6055_LC|GO6074_LC|GO6074_SC
212576383, 197.8225403, -11.1059008, 9.066, GO6016_LC|GO6030_LC|GO6033_LC|GO6074_LC|GO6033_SC
212841253, 201.7926941, -4.1723828, 10.498, GO6030_LC|GO6040_LC|GO6074_LC
