EPIC ID, RA (J2000) [deg], Dec (J2000) [deg], magnitude, Investigation IDs
214776835, 288.1791687, -25.6693974, 8.495, GO7078_LC|GO7057_LC|GO7016_LC|GO7087_LC|GO7030_LC
215632069, 282.4556885, -23.8362293, 9.293, GO7008_LC|GO7041_LC|GO7065_LC|GO7057_LC|GO7016_LC|GO7005_LC|GO7046_LC|GO7023_LC
215633526, 280.4651184, -23.8334236, 6.234, GO7055_LC|GO7057_LC|GO7030_LC
