EPIC ID, RA (J2000) [deg], Dec (J2000) [deg], magnitude, Investigation IDs
216631947, 285.2889404, -22.0017357, 17.886, GO7007_LC|GO7059_LC|GO7040_LC|GO7038_LC|GO7059_SC
216975626, 282.6528931, -21.3913555, 13.525, GO7007_LC|GO7040_LC
217226988, 284.3532104, -20.9471016, 17.995, GO7007_LC
218331937, 283.478241, -18.9946232, 11.765, GO7007_LC|GO7040_LC|GO7038_LC|GO7048_LC|GO7007_SC|GO7038_SC
