EPIC ID, RA (J2000) [deg], Dec (J2000) [deg], magnitude, Investigation IDs
213817346, 291.9700928, -28.1879711, 13.335, GO7002_LC|GO7060_LC|GO7065_LC|GO7046_LC
217976219, 287.2842102, -19.6299896, 15.902, GO7006_LC|GO7037_LC|GO7002_LC|GO7006_SC
218121888, 281.8196106, -19.3724251, 12.043, GO7008_LC|GO7002_LC|GO7060_LC|GO7016_LC
218498792, 293.7133179, -18.6929455, 17.16, GO7006_LC|GO7002_LC|GO7037_LC
