EPIC ID, RA (J2000) [deg], Dec (J2000) [deg], magnitude, Investigation IDs
217976219, 287.2842102, -19.6299896, 15.902, GO7006_LC|GO7037_LC|GO7002_LC|GO7006_SC
218498792, 293.7133179, -18.6929455, 17.16, GO7006_LC|GO7002_LC|GO7037_LC
