EPIC ID, RA (J2000) [deg], Dec (J2000) [deg], magnitude, Investigation IDs
214857824, 282.0505676, -25.4812222, 13.349, GO7013_LC|GO7022_LC
214910524, 281.1796875, -25.359436, 13.954, GO7013_LC|GO7022_LC
215837631, 281.6463318, -23.4467449, 12.509, GO7013_LC|GO7030_LC|GO7084_LC|GO7022_LC|GO7042_LC
216730154, 283.8778381, -21.8277187, 13.768, GO7013_LC|GO7022_LC
218761702, 285.2589417, -18.2035313, 16.251, GO7022_LC
