EPIC ID, RA (J2000) [deg], Dec (J2000) [deg], magnitude, Investigation IDs
216414930, 289.4007568, -22.3899269, 13.737, GO7066_LC|GO7085_LC|GO7066_SC
217671466, 290.8101196, -20.1663456, 13.095, GO7066_LC|GO7066_SC
