EPIC ID, RA (J2000) [deg], Dec (J2000) [deg], magnitude, Investigation IDs
214433392, 288.8444519, -26.5038261, 14.955, GO7040_LC|GO7038_LC|GO7048_LC
214449712, 281.335022, -26.4633961, 8.371, GO7040_LC|GO7038_LC
214539533, 289.2045898, -26.2426949, 14.351, GO7059_LC|GO7040_LC|GO7038_LC|GO7048_LC|GO7059_SC|GO7048_SC
216631947, 285.2889404, -22.0017357, 17.886, GO7007_LC|GO7059_LC|GO7040_LC|GO7038_LC|GO7059_SC
217321042, 286.841095, -20.7807064, 14.238, GO7059_LC|GO7040_LC|GO7038_LC|GO7032_LC|GO7059_SC
217936562, 283.6679993, -19.6999035, 11.628, GO7038_LC|GO7048_LC
218331937, 283.478241, -18.9946232, 11.765, GO7007_LC|GO7040_LC|GO7038_LC|GO7048_LC|GO7007_SC|GO7038_SC
219095783, 285.1660461, -17.5349197, 17.043, GO7040_LC|GO7038_LC|GO7048_LC
229228358, , , , GO7038_LC
