EPIC ID, RA (J2000) [deg], Dec (J2000) [deg], magnitude, Investigation IDs
214515136, 289.0663452, -26.3029804, 16.301, GO7047_LC|GO7058_LC|GO7010_LC|GO7047_SC|GO7010_SC
215776487, 295.4105225, -23.5618629, 16.347, GO7047_LC|GO7058_LC|GO7010_LC|GO7047_SC|GO7010_SC
216924452, 290.8684692, -21.4813728, 15.533, GO7047_LC|GO7058_LC|GO7047_SC
217204898, 288.8781738, -20.9864388, 14.258, GO7047_LC|GO7064_LC|GO7058_LC|GO7010_LC|GO7047_SC|GO7010_SC
217280630, 288.8942871, -20.8520889, 16.33, GO7047_LC|GO7058_LC|GO7010_LC|GO7047_SC|GO7010_SC
218148570, 292.1366577, -19.3246059, 15.744, GO7047_LC|GO7058_LC|GO7010_LC|GO7047_SC|GO7010_SC
218366972, 293.7240906, -18.9312134, 15.936, GO7047_LC|GO7058_LC|GO7010_LC|GO7047_SC|GO7010_SC
218637228, 293.1544495, -18.4383945, 14.795, GO7047_LC|GO7064_LC|GO7058_LC|GO7047_SC
218717602, 293.4454956, -18.2871494, 15.764, GO7047_LC|GO7058_LC|GO7010_LC|GO7047_SC|GO7010_SC
