EPIC ID, RA (J2000) [deg], Dec (J2000) [deg], magnitude, Investigation IDs
217154395, 290.8840332, -21.0759125, 16.732, GO7026_LC|GO7015_LC
217700467, 287.7902222, -20.1153164, 16.471, GO7015_LC
218129423, 289.4367065, -19.3588142, 15.341, GO7026_LC|GO7015_LC
229228355, , , , GO7015_LC
