EPIC ID, RA (J2000) [deg], Dec (J2000) [deg], magnitude, Investigation IDs
219539381, 289.2432556, -16.4981575, 13.845, GO7070_LC
219580919, 288.9718018, -16.3894329, 15.202, GO7070_LC
219582870, 288.9710388, -16.3841763, 15.772, GO7070_LC
219584539, 288.9695435, -16.3797302, 15.101, GO7070_LC
219594140, 288.9633789, -16.3542614, 14.855, GO7070_LC
219599652, 288.9517822, -16.3395157, 14.647, GO7070_LC
219602352, 288.954895, -16.3322659, 16.262, GO7070_LC
