EPIC ID, RA (J2000) [deg], Dec (J2000) [deg], magnitude, Investigation IDs
213490088, 291.2127075, -29.2416744, 16.375, GO7013_LC|GO7026_LC
213874866, 290.5702515, -28.016531, 17.507, GO7026_LC
214668143, 282.7129211, -25.9285336, 17.095, GO7026_LC
215412285, 293.7201843, -24.2734165, 17.733, GO7026_LC
215658985, 288.936554, -23.7841454, 17.458, GO7026_LC
217154395, 290.8840332, -21.0759125, 16.732, GO7026_LC|GO7015_LC
217509281, 283.9812012, -20.4503498, 16.686, GO7026_LC
218129423, 289.4367065, -19.3588142, 15.341, GO7026_LC|GO7015_LC
