EPIC ID, RA (J2000) [deg], Dec (J2000) [deg], magnitude, Investigation IDs
213817346, 291.9700928, -28.1879711, 13.335, GO7002_LC|GO7060_LC|GO7065_LC|GO7046_LC
213873758, 293.1680603, -28.0198078, 6.99, GO7039_LC|GO7087_LC|GO7046_LC|GO7030_LC
214269391, 282.5881653, -26.9236298, 9.349, GO7008_LC|GO7060_LC|GO7065_LC|GO7046_LC
215632069, 282.4556885, -23.8362293, 9.293, GO7008_LC|GO7041_LC|GO7065_LC|GO7057_LC|GO7016_LC|GO7005_LC|GO7046_LC|GO7023_LC
216598020, 291.1426392, -22.0621815, 10.239, GO7008_LC|GO7086_LC|GO7085_LC|GO7046_LC
