EPIC ID, RA (J2000) [deg], Dec (J2000) [deg], magnitude, Investigation IDs
216449698, 281.9855347, -22.3271523, 13.789, GO7083_LC|GO7001_LC|GO7045_LC|GO7003_LC|GO7050_LC|GO7063_LC|GO7045_SC
218649358, 286.9509888, -18.4155178, 18.357, GO7083_LC|GO7003_LC
229228315, , , , GO7003_LC
229228359, , , , GO7003_LC
229228360, , , , GO7003_LC
229228362, , , , GO7003_LC|GO7083_LC
229228363, , , , GO7083_LC|GO7003_LC|GO7083_SC
229228364, , , , GO7083_LC|GO7003_LC|GO7083_SC
229228369, , , , GO7083_LC|GO7003_LC
