EPIC ID, RA (J2000) [deg], Dec (J2000) [deg], magnitude, Investigation IDs
220196587, 13.8072147, -0.131667, 10.922, GO8068_LC|GO8051_LC|GO8032_LC|GO8077_LC|GO8055_LC
220477223, 16.6435928, 6.2495432, 11.402, GO8068_LC|GO8032_LC|GO8077_LC|GO8055_LC|GO8066_LC|GO8033_LC
