EPIC ID, RA (J2000) [deg], Dec (J2000) [deg], magnitude, Investigation IDs
220220139, 20.7095623, 0.712054, 8.399, GO8068_LC|GO8032_LC|GO8077_LC|GO8016_LC|GO8002_LC|GO8002_SC
220258930, 18.3206272, 1.753653, 13.65, GO8016_LC|GO8042_LC|GO8036_LC
220269465, 16.3163815, 1.987307, 11.359, GO8016_LC|GO8042_LC
220290907, 13.5716753, 2.4428439, 15.561, GO8016_LC
220314321, 21.3620911, 2.939256, 12.302, GO8016_LC|GO8042_LC
220623236, 11.0055075, 9.5494003, 9.872, GO8016_LC|GO8042_LC|GO8048_LC|GO8048_SC
220624748, 16.2766724, 9.5856457, 11.869, GO8016_LC|GO8042_LC
