EPIC ID, RA (J2000) [deg], Dec (J2000) [deg], magnitude, Investigation IDs
220260370, 11.2703934, 1.785521, 8.476, GO8068_LC|GO8051_LC|GO8021_LC|GO8032_LC|GO8077_LC|GO8040_LC|GO8049_LC
220265960, 18.1979179, 1.910971, 12.776, GO8056_LC|GO8021_LC|GO8042_LC|GO8008_LC
220299065, 22.6796303, 2.6102591, 14.049, GO8056_LC|GO8021_LC|GO8042_LC|GO8031_LC
220429217, 12.0957355, 5.2806149, 5.507, GO8021_LC|GO8040_LC|GO8049_LC|GO8021_SC
