EPIC ID, RA (J2000) [deg], Dec (J2000) [deg], magnitude, Investigation IDs
220287035, 11.9291792, 2.36112, 14.747, GO8003_LC
220316998, 18.5285606, 2.996731, 10.919, GO8077_LC|GO8003_LC|GO8028_LC
