EPIC ID, RA (J2000) [deg], Dec (J2000) [deg], magnitude, Investigation IDs
220615486, 19.0573502, 9.3711014, 19.058, GO8045_LC|GO8014_LC|GO8024_LC|GO8045_SC
229228561, , , , GO8024_LC
