EPIC ID, RA (J2000) [deg], Dec (J2000) [deg], magnitude, Investigation IDs
220280695, 22.7268658, 2.2212579, 9.659, GO8077_LC|GO8028_LC|GO8080_LC
220466722, 22.0250549, 6.0197968, 10.169, GO8077_LC|GO8028_LC|GO8080_LC
220532854, 15.7057009, 7.500752, 7.939, GO8077_LC|GO8031_LC|GO8028_LC|GO8080_LC
220607132, 10.4832458, 9.1826973, 9.547, GO8077_LC|GO8028_LC|GO8080_LC
220631213, 17.2327538, 9.7305059, 7.432, GO8077_LC|GO8031_LC|GO8028_LC|GO8080_LC
220679442, 13.1750755, 10.9139347, 10.161, GO8028_LC|GO8080_LC
220682692, 18.4565353, 10.9998999, 9.778, GO8077_LC|GO8028_LC|GO8080_LC
220731321, 15.2594995, 12.420269, 10.059, GO8080_LC
