EPIC ID, RA (J2000) [deg], Dec (J2000) [deg], magnitude, Investigation IDs
220179214, 18.5775471, -0.820448, 14.926, GO8018_LC|GO8004_LC|GO8007_LC|GO8004_SC|GO8007_SC
220265912, 14.6027765, 1.909745, 15.192, GO8004_LC|GO8007_LC|GO8004_SC|GO8007_SC
220641886, 11.8717499, 9.9821377, 10.397, GO8004_LC|GO8007_LC|GO8028_LC|GO8004_SC|GO8007_SC
