EPIC ID, RA (J2000) [deg], Dec (J2000) [deg], magnitude, Investigation IDs
220260370, 11.2703934, 1.785521, 8.476, GO8068_LC|GO8051_LC|GO8021_LC|GO8032_LC|GO8077_LC|GO8040_LC|GO8049_LC
220417763, 15.6023865, 5.0614481, 8.334, GO8032_LC|GO8077_LC|GO8049_LC
220429217, 12.0957355, 5.2806149, 5.507, GO8021_LC|GO8040_LC|GO8049_LC|GO8021_SC
220434748, 12.2912569, 5.3886142, 12.359, GO8018_LC|GO8048_LC|GO8011_LC|GO8028_LC|GO8049_LC|GO8018_SC|GO8048_SC|GO8049_SC
220501313, 13.039012, 6.8030062, 11.138, GO8056_LC|GO8066_LC|GO8042_LC|GO8008_LC|GO8049_LC
