EPIC ID, RA (J2000) [deg], Dec (J2000) [deg], magnitude, Investigation IDs
225576868, 275.752502, -22.268249, 12.652, GO9925_LC
226557170, 264.036863, -20.303066, 12.375, GO9925_LC
