EPIC ID, RA (J2000) [deg], Dec (J2000) [deg], magnitude, Investigation IDs
222182375, 272.389001, -27.869029, 9.988, GO9913_LC
222808946, 275.856494, -26.953014, 9.492, GO9913_LC
224400629, 270.986846, -24.312531, 8.148, GO9913_LC|GO9921_LC
224432834, 270.660913, -24.255385, 7.293, GO9913_LC
224466741, 271.519496, -24.195523, 8.414, GO9913_LC|GO9913_SC
224757434, 270.496203, -23.691051, 10.245, GO9913_LC
226504882, 272.987909, -20.423372, 7.334, GO9913_LC
227049676, 270.467843, -19.106132, 8.162, GO9913_LC
227856268, 274.247053, -16.994091, 10.025, GO9913_LC
